iter,stage,total,e_img,e_smooth_trans,e_smooth_rot,term_img,term_smooth_trans_weighted,term_smooth_rot_weighted,total_from_terms,e_img_raw,e_smooth_trans_raw,e_smooth_rot_raw,e_img_denom,e_smooth_trans_denom,e_smooth_rot_denom,active_pairs,sum_weight,mean_reproj_px,max_translation
20,adam,5.283494472503662,4.972437381744385,0.0009890072979032993,0.00017943295824807137,4.972437381744385,0.2967021893709898,0.01435463665984571,5.28349420777522,1616713.375,0.0009890072979032993,0.00017943295824807137,325135.0,1.0,1.0,325135,325135.0,1.9634394645690918,0.07205803692340851
40,adam,3.161750555038452,2.9916491508483887,0.0005524838343262672,5.445162969408557e-05,2.9916491508483887,0.16574515029788017,0.0043561303755268455,3.1617504315217957,972689.875,0.0005524838343262672,5.445162969408557e-05,325135.0,1.0,1.0,325135,325135.0,1.425362467765808,0.0697399228811264
60,adam,2.347982883453369,2.22920823097229,0.00038635218515992165,3.5861281503457576e-05,2.22920823097229,0.1159056555479765,0.002868902520276606,2.347982789040543,724793.625,0.00038635218515992165,3.5861281503457576e-05,325135.0,1.0,1.0,325135,325135.0,1.1413052082061768,0.06583069264888763
80,adam,2.2141895294189453,2.111311674118042,0.0003351493796799332,2.9164018997107632e-05,2.111311674118042,0.10054481390397996,0.0023331215197686106,2.2141896095417906,686461.3125,0.0003351493796799332,2.9164018997107632e-05,325135.0,1.0,1.0,325135,325135.0,1.0819075107574463,0.06411753594875336
100,adam,2.1807925701141357,2.0860092639923096,0.00030887481989338994,2.6512114345678128e-05,2.0860092639923096,0.09266244596801698,0.0021209691476542503,2.180792679107981,678234.625,0.00030887481989338994,2.6512114345678128e-05,325135.0,1.0,1.0,325135,325135.0,1.0657633543014526,0.06292136758565903
120,adam,2.1718647480010986,2.0823585987091064,0.0002917069068644196,2.4925258912844583e-05,2.0823585987091064,0.08751207205932587,0.0019940207130275667,2.17186469148146,677047.625,0.0002917069068644196,2.4925258912844583e-05,325135.0,1.0,1.0,325135,325135.0,1.0652873516082764,0.06346305459737778
140,adam,2.1671011447906494,2.081631898880005,0.00027856475207954645,2.3745968064758927e-05,2.081631898880005,0.08356942562386394,0.0018996774451807141,2.1671010019490495,676811.375,0.00027856475207954645,2.3745968064758927e-05,325135.0,1.0,1.0,325135,325135.0,1.0657886266708374,0.06552065908908844
160,adam,2.1646761894226074,2.0824925899505615,0.0002678625751286745,2.2810425434727222e-05,2.0824925899505615,0.08035877253860235,0.0018248340347781777,2.164676196523942,677091.25,0.0002678625751286745,2.2810425434727222e-05,325135.0,1.0,1.0,325135,325135.0,1.0665960311889648,0.06773477792739868
180,adam,2.163396120071411,2.0839743614196777,0.00025886556250043213,2.2027104932931252e-05,2.0839743614196777,0.07765966875012964,0.0017621683946345001,2.163396198564442,677573.0,0.00025886556250043213,2.2027104932931252e-05,325135.0,1.0,1.0,325135,325135.0,1.06761634349823,0.06973239779472351
200,adam,2.162666082382202,2.085574150085449,0.0002512740611564368,2.1370371541706845e-05,2.085574150085449,0.07538221834693104,0.0017096297233365476,2.162665998155717,678093.125,0.0002512740611564368,2.1370371541706845e-05,325135.0,1.0,1.0,325135,325135.0,1.068711280822754,0.07151450961828232
220,adam,2.162435293197632,2.087308168411255,0.0002448728191666305,2.081575985357631e-05,2.087308168411255,0.07346184574998915,0.0016652607882861048,2.16243527494953,678656.9375,0.0002448728191666305,2.081575985357631e-05,325135.0,1.0,1.0,325135,325135.0,1.069894790649414,0.0731392428278923
240,adam,2.1626205444335938,2.089148759841919,0.00023947926820255816,2.035020042967517e-05,2.089148759841919,0.07184378046076745,0.0016280160343740135,2.1626205563370604,679255.375,0.00023947926820255816,2.035020042967517e-05,325135.0,1.0,1.0,325135,325135.0,1.0711185932159424,0.07461480051279068
260,adam,2.163105010986328,2.0910258293151855,0.000234941384405829,1.9959290511906147e-05,2.0910258293151855,0.0704824153217487,0.0015967432409524918,2.1631049878778867,679865.6875,0.000234941384405829,1.9959290511906147e-05,325135.0,1.0,1.0,325135,325135.0,1.0723499059677124,0.07594283670186996
280,adam,2.1638128757476807,2.0929038524627686,0.00023112820053938776,1.9631677787401713e-05,2.0929038524627686,0.06933846016181633,0.001570534222992137,2.163812846847577,680476.3125,0.00023112820053938776,1.9631677787401713e-05,325135.0,1.0,1.0,325135,325135.0,1.073568344116211,0.07713709026575089
300,adam,2.1646716594696045,2.0947446823120117,0.00022792779782321304,1.9357619748916477e-05,2.0947446823120117,0.06837833934696391,0.0015486095799133182,2.164671631238889,681074.8125,0.00022792779782321304,1.9357619748916477e-05,325135.0,1.0,1.0,325135,325135.0,1.074750304222107,0.0782083123922348
320,adam,2.1656129360198975,2.0965094566345215,0.0002252433041576296,1.9128790881950408e-05,2.0965094566345215,0.06757299124728888,0.0015303032705560327,2.1656127511523664,681648.625,0.0002252433041576296,1.9128790881950408e-05,325135.0,1.0,1.0,325135,325135.0,1.0758761167526245,0.07916530966758728
340,adam,2.1665878295898438,2.098175525665283,0.00022299171541817486,1.8937847926281393e-05,2.098175525665283,0.06689751462545246,0.0015150278341025114,2.166588068124838,682190.3125,0.00022299171541817486,1.8937847926281393e-05,325135.0,1.0,1.0,325135,325135.0,1.076932668685913,0.08001554757356644
360,adam,2.1675522327423096,2.099719762802124,0.0002211004903074354,1.877850081655197e-05,2.099719762802124,0.06633014709223062,0.0015022800653241575,2.167552189959679,682692.375,0.0002211004903074354,1.877850081655197e-05,325135.0,1.0,1.0,325135,325135.0,1.0779091119766235,0.08076561987400055
380,adam,2.1684699058532715,2.1011264324188232,0.00021950667724013329,1.8645234376890585e-05,2.1011264324188232,0.06585200317203999,0.0014916187501512468,2.1684700543410145,683149.75,0.00021950667724013329,1.8645234376890585e-05,325135.0,1.0,1.0,325135,325135.0,1.0787972211837769,0.0814216360449791
400,adam,2.169313430786133,2.102384090423584,0.00021815556101500988,1.8533330148784444e-05,2.102384090423584,0.06544666830450296,0.0014826664119027555,2.1693134251399897,683558.625,0.00021815556101500988,1.8533330148784444e-05,325135.0,1.0,1.0,325135,325135.0,1.0795925855636597,0.08198919147253036
420,adam,2.1700596809387207,2.103484630584717,0.00021700005163438618,1.8438582628732547e-05,2.103484630584717,0.06510001549031585,0.0014750866102986038,2.1700597326853313,683916.5,0.00021700005163438618,1.8438582628732547e-05,325135.0,1.0,1.0,325135,325135.0,1.080291986465454,0.08247390389442444
440,adam,2.1706960201263428,2.1044273376464844,0.00021600002946797758,1.835749571910128e-05,2.1044273376464844,0.06480000884039328,0.0014685996575281024,2.1706959461444058,684223.0,0.00021600002946797758,1.835749571910128e-05,325135.0,1.0,1.0,325135,325135.0,1.0808942317962646,0.08288133144378662
460,adam,2.1712071895599365,2.105207920074463,0.00021512119565159082,1.82871754077496e-05,2.105207920074463,0.06453635869547725,0.001462974032619968,2.17120725280256,684476.8125,0.00021512119565159082,1.82871754077496e-05,325135.0,1.0,1.0,325135,325135.0,1.0814005136489868,0.08321692794561386
480,adam,2.17159104347229,2.105832815170288,0.0002143343590432778,1.8225022358819842e-05,2.105832815170288,0.06430030771298334,0.0014580017887055874,2.171591124671977,684679.9375,0.0002143343590432778,1.8225022358819842e-05,325135.0,1.0,1.0,325135,325135.0,1.081812858581543,0.08348595350980759
500,adam,2.1718451976776123,2.1063072681427,0.00021361497056204826,1.816885378502775e-05,2.1063072681427,0.06408449116861448,0.00145350830280222,2.171845267614117,684834.25,0.00021361497056204826,1.816885378502775e-05,325135.0,1.0,1.0,325135,325135.0,1.0821350812911987,0.08369352668523788
520,adam,2.1719717979431152,2.1066396236419678,0.00021294274483807385,1.81169652933022e-05,2.1066396236419678,0.06388282345142215,0.001449357223464176,2.171971804316854,684942.25,0.00021294274483807385,1.81169652933022e-05,325135.0,1.0,1.0,325135,325135.0,1.0823715925216675,0.08384479582309723
540,adam,2.1719703674316406,2.1068344116210938,0.0002123012236552313,1.806801083148457e-05,2.1068344116210938,0.06369036709656939,0.0014454408665187657,2.171970219584182,685005.625,0.0002123012236552313,1.806801083148457e-05,325135.0,1.0,1.0,325135,325135.0,1.0825328826904297,0.08394452184438705
560,adam,2.233732223510742,2.1685256958007812,0.00021239326451905072,1.8604219803819433e-05,2.1685256958007812,0.06371797935571522,0.0014883375843055546,2.233732012740802,705063.625,0.00021239326451905072,1.8604219803819433e-05,325135.0,1.0,1.0,325135,325135.0,1.1032651662826538,0.08399710059165955
580,adam,2.1910290718078613,2.1261544227600098,0.00021140897297300398,1.814914503484033e-05,2.1261544227600098,0.0634226918919012,0.0014519316027872264,2.191029046254698,691287.25,0.00021140897297300398,1.814914503484033e-05,325135.0,1.0,1.0,325135,325135.0,1.0929267406463623,0.08400651067495346
600,adam,2.2182629108428955,2.15344500541687,0.00021115585695952177,1.8387072486802936e-05,2.15344500541687,0.06334675708785653,0.0014709657989442348,2.218262728303671,700160.375,0.00021115585695952177,1.8387072486802936e-05,325135.0,1.0,1.0,325135,325135.0,1.1011414527893066,0.0839768648147583
620,adam,2.2541346549987793,2.189375638961792,0.00021092068345751613,1.853428693721071e-05,2.189375638961792,0.06327620503725484,0.0014827429549768567,2.2541345869540237,711842.625,0.00021092068345751613,1.853428693721071e-05,325135.0,1.0,1.0,325135,325135.0,1.113330364227295,0.08391185849905014
640,adam,2.2775697708129883,2.212759017944336,0.00021102942992001772,1.877678369055502e-05,2.212759017944336,0.06330882897600532,0.0015021426952444017,2.2775699896155857,719445.4375,0.00021102942992001772,1.877678369055502e-05,325135.0,1.0,1.0,325135,325135.0,1.1226040124893188,0.0838148295879364
660,adam,2.290374755859375,2.225808620452881,0.00021012534853070974,1.9106581021333113e-05,2.225808620452881,0.06303760455921292,0.001528526481706649,2.2903747514938004,723688.25,0.00021012534853070974,1.9106581021333113e-05,325135.0,1.0,1.0,325135,325135.0,1.1288206577301025,0.0836879312992096
680,adam,2.219804048538208,2.1558737754821777,0.00020815269090235233,1.8555510905571282e-05,2.1558737754821777,0.0624458072707057,0.0014844408724457026,2.219804023625329,700950.0,0.00020815269090235233,1.8555510905571282e-05,325135.0,1.0,1.0,325135,325135.0,1.1005934476852417,0.08353140950202942
700,adam,2.192707061767578,2.1289823055267334,0.00020764593500643969,1.7888010916067287e-05,2.1289823055267334,0.062293780501931906,0.001431040873285383,2.1927071269019507,692206.625,0.00020764593500643969,1.7888010916067287e-05,325135.0,1.0,1.0,325135,325135.0,1.0903881788253784,0.08335470408201218
720,adam,2.240346908569336,2.176546573638916,0.0002078281540889293,1.8149154129787348e-05,2.176546573638916,0.06234844622667879,0.0014519323303829879,2.240346952195978,707671.5,0.0002078281540889293,1.8149154129787348e-05,325135.0,1.0,1.0,325135,325135.0,1.109804630279541,0.08315766602754593
740,adam,2.2021312713623047,2.138845920562744,0.00020614152890630066,1.8036585970548913e-05,2.138845920562744,0.0618424586718902,0.001442926877643913,2.2021313061122783,695413.6875,0.00020614152890630066,1.8036585970548913e-05,325135.0,1.0,1.0,325135,325135.0,1.0951852798461914,0.08293549716472626
760,adam,2.18103289604187,2.1180260181427,0.00020536937518045306,1.74528995557921e-05,2.1180260181427,0.06161081255413592,0.001396231964463368,2.1810330626612995,688644.375,0.00020536937518045306,1.74528995557921e-05,325135.0,1.0,1.0,325135,325135.0,1.0863854885101318,0.08270320296287537
780,adam,2.234907388687134,2.1721384525299072,0.00020412962476257235,1.9124658138025552e-05,2.1721384525299072,0.061238887428771704,0.0015299726510420442,2.234907312609721,706238.25,0.00020412962476257235,1.9124658138025552e-05,325135.0,1.0,1.0,325135,325135.0,1.1011557579040527,0.08245841413736343
800,adam,2.1795547008514404,2.117110013961792,0.00020347110694274306,1.754145159793552e-05,2.117110013961792,0.06104133208282292,0.0014033161278348416,2.1795546621724498,688346.5625,0.00020347110694274306,1.754145159793552e-05,325135.0,1.0,1.0,325135,325135.0,1.0842770338058472,0.08219945430755615
820,adam,2.184608221054077,2.1223576068878174,0.00020282642799429595,1.7533768186694942e-05,2.1223576068878174,0.060847928398288786,0.0014027014549355954,2.1846082367410418,690052.75,0.00020282642799429595,1.7533768186694942e-05,325135.0,1.0,1.0,325135,325135.0,1.0882208347320557,0.08192648738622665
840,adam,2.1634488105773926,2.101564407348633,0.00020167516777291894,1.727294693409931e-05,2.101564407348633,0.06050255033187568,0.0013818357547279447,2.1634487934352364,683292.125,0.00020167516777291894,1.727294693409931e-05,325135.0,1.0,1.0,325135,325135.0,1.079560399055481,0.0816388875246048
860,adam,2.184006690979004,2.1222193241119385,0.00020130525808781385,1.744493238220457e-05,2.1222193241119385,0.060391577426344156,0.0013955945905763656,2.184006496128859,690007.75,0.00020130525808781385,1.744493238220457e-05,325135.0,1.0,1.0,325135,325135.0,1.0891587734222412,0.08134270459413528
880,adam,2.226963758468628,2.1655056476593018,0.00020007026614621282,1.7960690456675366e-05,2.1655056476593018,0.060021079843863845,0.0014368552365340292,2.2269635827396996,704081.6875,0.00020007026614621282,1.7960690456675366e-05,325135.0,1.0,1.0,325135,325135.0,1.1102532148361206,0.08103803545236588
900,adam,2.2023050785064697,2.1410915851593018,0.0001993612531805411,1.7561462300363928e-05,2.1410915851593018,0.05980837595416233,0.0014049169840291142,2.202304878097493,696143.8125,0.0001993612531805411,1.7561462300363928e-05,325135.0,1.0,1.0,325135,325135.0,1.0966136455535889,0.0807238221168518
920,adam,2.19254732131958,2.1315441131591797,0.00019870598043780774,1.739191429805942e-05,2.1315441131591797,0.05961179413134232,0.0013913531438447535,2.1925472604343668,693039.625,0.00019870598043780774,1.739191429805942e-05,325135.0,1.0,1.0,325135,325135.0,1.0895665884017944,0.08040042221546173
940,adam,2.232818126678467,2.1719307899475098,0.00019824778428301215,1.766392233548686e-05,2.1719307899475098,0.059474335284903646,0.0014131137868389487,2.2328182390192524,706170.75,0.00019824778428301215,1.766392233548686e-05,325135.0,1.0,1.0,325135,325135.0,1.1085962057113647,0.08006855100393295
960,adam,2.1919190883636475,2.1315977573394775,0.00019641316612251103,1.7468410078436136e-05,2.1315977573394775,0.05892394983675331,0.001397472806274891,2.1919191799825057,693057.0,0.00019641316612251103,1.7468410078436136e-05,325135.0,1.0,1.0,325135,325135.0,1.0895229578018188,0.07972563803195953
980,adam,2.2174012660980225,2.1572635173797607,0.0001957431813934818,1.7684998965705745e-05,2.1572635173797607,0.05872295441804454,0.0014147999172564596,2.2174012717150617,701401.875,0.0001957431813934818,1.7684998965705745e-05,325135.0,1.0,1.0,325135,325135.0,1.106282353401184,0.07936760038137436
1000,adam,0.9758073091506958,0.9158677458763123,0.0001951133890543133,1.756907659000717e-05,0.9158677458763123,0.05853401671629399,0.0014055261272005737,0.9758072887198068,268079.0625,0.0001951133890543133,1.756907659000717e-05,292705.0,1.0,1.0,292705,292705.0,0.8198820352554321,0.07902083545923233
1020,adam,0.8289490938186646,0.7811265587806702,0.00015532743418589234,1.5303570762625895e-05,0.7811265587806702,0.0465982302557677,0.0012242856610100716,0.8289490746974479,228639.65625,0.00015532743418589234,1.5303570762625895e-05,292705.0,1.0,1.0,292705,292705.0,0.7504355311393738,0.07256034761667252
1040,adam,0.7396543025970459,0.704809844493866,0.00011315086157992482,1.1239948435104452e-05,0.704809844493866,0.03394525847397745,0.0008991958748083562,0.7396542988426518,206301.359375,0.00011315086157992482,1.1239948435104452e-05,292705.0,1.0,1.0,292705,292705.0,0.7149879336357117,0.06422530114650726
1060,adam,0.69612056016922,0.6695350408554077,8.627844363218173e-05,8.774915841058828e-06,0.6695350408554077,0.02588353308965452,0.0007019932672847062,0.6961205672123469,195976.25,8.627844363218173e-05,8.774915841058828e-06,292705.0,1.0,1.0,292705,292705.0,0.6961454749107361,0.057041142135858536
1080,adam,0.6630911231040955,0.6417800188064575,6.910291267558932e-05,7.253059266076889e-06,0.6417800188064575,0.020730873802676797,0.0005802447412861511,0.6630911373504205,187852.21875,6.910291267558932e-05,7.253059266076889e-06,292705.0,1.0,1.0,292705,292705.0,0.6765702962875366,0.05111689865589142
1100,adam,0.6496107578277588,0.6317372918128967,5.789002534584142e-05,6.331065833364846e-06,0.6317372918128967,0.017367007603752427,0.0005064852666691877,0.6496107846833183,184912.65625,5.789002534584142e-05,6.331065833364846e-06,292705.0,1.0,1.0,292705,292705.0,0.6669692993164062,0.04651530832052231
1120,adam,0.6453129053115845,0.6296807527542114,5.058833630755544e-05,5.695922482118476e-06,0.6296807527542114,0.015176500892266631,0.0004556737985694781,0.6453129274450475,184310.703125,5.058833630755544e-05,5.695922482118476e-06,292705.0,1.0,1.0,292705,292705.0,0.6628080010414124,0.04282083734869957
1140,adam,0.6580773591995239,0.6440459489822388,4.528007048065774e-05,5.592429261014331e-06,0.6440459489822388,0.013584021144197322,0.0004473943408811465,0.6580773644673172,188515.46875,4.528007048065774e-05,5.592429261014331e-06,292705.0,1.0,1.0,292705,292705.0,0.6696586608886719,0.039660971611738205
1160,adam,0.6360909938812256,0.6233908534049988,4.100796650163829e-05,4.971759153704625e-06,0.6233908534049988,0.012302389950491488,0.00039774073229636997,0.6360909840877866,182469.625,4.100796650163829e-05,4.971759153704625e-06,292705.0,1.0,1.0,292705,292705.0,0.654795229434967,0.03698565438389778
1180,adam,0.6303988695144653,0.6185060143470764,3.838304473902099e-05,4.724392510979669e-06,0.6185060143470764,0.011514913421706297,0.00037795140087837353,0.6303988791696611,181039.796875,3.838304473902099e-05,4.724392510979669e-06,292705.0,1.0,1.0,292705,292705.0,0.6486804485321045,0.034737300127744675
1200,adam,0.664291501045227,0.6528922915458679,3.6684250517282635e-05,4.92425397169427e-06,0.6528922915458679,0.01100527515518479,0.0003939403177355416,0.6642915070187883,191104.84375,3.6684250517282635e-05,4.92425397169427e-06,292705.0,1.0,1.0,292705,292705.0,0.6615146994590759,0.03286349028348923
1220,adam,0.6483138799667358,0.6375019550323486,3.4787910408340394e-05,4.694688868767116e-06,0.6375019550323486,0.010436373122502118,0.0003755751095013693,0.6483139032643521,186600.015625,3.4787910408340394e-05,4.694688868767116e-06,292705.0,1.0,1.0,292705,292705.0,0.6548949480056763,0.03142232447862625
1240,adam,0.6198537945747375,0.6095817685127258,3.310382453491911e-05,4.260685273038689e-06,0.6095817685127258,0.009931147360475734,0.0003408548218430951,0.6198537706950447,178427.625,3.310382453491911e-05,4.260685273038689e-06,292705.0,1.0,1.0,292705,292705.0,0.6373484134674072,0.030181370675563812
1260,adam,0.6453822255134583,0.6351792812347412,3.278979056631215e-05,4.5754172788292635e-06,0.6351792812347412,0.009836937169893645,0.0003660333823063411,0.6453822517869412,185920.15625,3.278979056631215e-05,4.5754172788292635e-06,292705.0,1.0,1.0,292705,292705.0,0.6535654664039612,0.02899513766169548
1280,adam,0.6416760087013245,0.6317135691642761,3.202323568984866e-05,4.443565103429137e-06,0.6317135691642761,0.009606970706954598,0.00035548520827433094,0.641676025079505,184905.71875,3.202323568984866e-05,4.443565103429137e-06,292705.0,1.0,1.0,292705,292705.0,0.6479375958442688,0.028137417510151863
1300,adam,0.6274354457855225,0.6177669167518616,3.109051613137126e-05,4.2669198592193425e-06,0.6177669167518616,0.009327154839411378,0.0003413535887375474,0.6274354251800105,180823.46875,3.109051613137126e-05,4.2669198592193425e-06,292705.0,1.0,1.0,292705,292705.0,0.6402578353881836,0.027422597631812096
1320,adam,0.6433425545692444,0.6337072253227234,3.092403494520113e-05,4.476597496250179e-06,0.6337072253227234,0.009277210483560339,0.0003581277997000143,0.6433425636059837,185489.28125,3.092403494520113e-05,4.476597496250179e-06,292705.0,1.0,1.0,292705,292705.0,0.6511752605438232,0.026836341246962547
1340,adam,0.6294487714767456,0.6200158596038818,3.0327748390845954e-05,4.1817829696810804e-06,0.6200158596038818,0.009098324517253786,0.00033454263757448643,0.6294487267587101,181481.75,3.0327748390845954e-05,4.1817829696810804e-06,292705.0,1.0,1.0,292705,292705.0,0.6393011212348938,0.026355767622590065
1360,adam,0.6253622770309448,0.616051197052002,2.9871987862861715e-05,4.368313966551796e-06,0.616051197052002,0.008961596358858515,0.00034946511732414365,0.6253622585281846,180321.265625,2.9871987862861715e-05,4.368313966551796e-06,292705.0,1.0,1.0,292705,292705.0,0.6359179019927979,0.025956500321626663
1380,adam,0.6101750135421753,0.6010011434555054,2.9524933779612184e-05,3.955007741751615e-06,0.6010011434555054,0.008857480133883655,0.0003164006193401292,0.6101750242087292,175916.03125,2.9524933779612184e-05,3.955007741751615e-06,292705.0,1.0,1.0,292705,292705.0,0.6240713596343994,0.02563018724322319
1400,adam,0.6184009909629822,0.6092387437820435,2.94644614768913e-05,4.037000053358497e-06,0.6092387437820435,0.00883933844306739,0.00032296000426867977,0.6184010422293795,178327.234375,2.94644614768913e-05,4.037000053358497e-06,292705.0,1.0,1.0,292705,292705.0,0.6298747062683105,0.02536145970225334
1420,adam,0.6196296811103821,0.6105123162269592,2.9265716875670478e-05,4.220920345687773e-06,0.6105123162269592,0.008779715062701143,0.00033767362765502185,0.6196297049173154,178700.0,2.9265716875670478e-05,4.220920345687773e-06,292705.0,1.0,1.0,292705,292705.0,0.6311870813369751,0.025142818689346313
1440,adam,0.6364150643348694,0.6272377371788025,2.9457496566465124e-05,4.251240170560777e-06,0.6272377371788025,0.008837248969939537,0.0003400992136448622,0.6364150853623869,183595.625,2.9457496566465124e-05,4.251240170560777e-06,292705.0,1.0,1.0,292705,292705.0,0.6431254744529724,0.02496165968477726
1460,adam,0.623595654964447,0.6144922971725464,2.923076863226015e-05,4.176645688858116e-06,0.6144922971725464,0.008769230589678045,0.0003341316551086493,0.6235956594173331,179864.96875,2.923076863226015e-05,4.176645688858116e-06,292705.0,1.0,1.0,292705,292705.0,0.6353280544281006,0.024813979864120483
1480,adam,0.6100966930389404,0.6011031866073608,2.895435318350792e-05,3.840162662527291e-06,0.6011031866073608,0.008686305955052376,0.0003072130130021833,0.6100967055754154,175945.90625,2.895435318350792e-05,3.840162662527291e-06,292705.0,1.0,1.0,292705,292705.0,0.6253999471664429,0.024692490696907043
1500,adam,0.6123658418655396,0.6033927202224731,2.8881102480227128e-05,3.859956450469326e-06,0.6033927202224731,0.008664330744068138,0.0003087965160375461,0.6123658474825788,176616.0625,2.8881102480227128e-05,3.859956450469326e-06,292705.0,1.0,1.0,292705,292705.0,0.6250038743019104,0.02459285408258438
1520,adam,0.6101480722427368,0.6011785864830017,2.8847387511632405e-05,3.940899659937713e-06,0.6011785864830017,0.008654216253489722,0.00031527197279501706,0.6101480747092864,175967.984375,2.8847387511632405e-05,3.940899659937713e-06,292705.0,1.0,1.0,292705,292705.0,0.624424159526825,0.024510720744729042
1540,adam,0.6156790852546692,0.6066475510597229,2.9040564186288975e-05,3.991715857409872e-06,0.6066475510597229,0.008712169255886693,0.00031933726859278977,0.6156790575842024,177568.765625,2.9040564186288975e-05,3.991715857409872e-06,292705.0,1.0,1.0,292705,292705.0,0.6279585957527161,0.02457655593752861
1560,adam,0.616001546382904,0.6069983839988708,2.89596791844815e-05,3.940356691600755e-06,0.6069983839988708,0.00868790375534445,0.0003152285353280604,0.6160015162895434,177671.46875,2.89596791844815e-05,3.940356691600755e-06,292705.0,1.0,1.0,292705,292705.0,0.6292520761489868,0.024386778473854065
1580,adam,0.6125457286834717,0.6035723686218262,2.883284105337225e-05,4.044106844958151e-06,0.6035723686218262,0.008649852316011675,0.00032352854759665206,0.6125457494854345,176668.65625,2.883284105337225e-05,4.044106844958151e-06,292705.0,1.0,1.0,292705,292705.0,0.6270531415939331,0.024341825395822525
1600,adam,0.6060818433761597,0.5971687436103821,2.8675478461082093e-05,3.881181328324601e-06,0.5971687436103821,0.008602643538324628,0.0003104945062659681,0.6060818816549727,174794.28125,2.8675478461082093e-05,3.881181328324601e-06,292705.0,1.0,1.0,292705,292705.0,0.6212484836578369,0.02430390566587448
1620,adam,0.6083214282989502,0.5994110703468323,2.8691809347947128e-05,3.785053650062764e-06,0.5994110703468323,0.008607542804384138,0.0003028042920050211,0.6083214174432214,175450.625,2.8691809347947128e-05,3.785053650062764e-06,292705.0,1.0,1.0,292705,292705.0,0.6235178709030151,0.024271802976727486
1640,adam,0.6136312484741211,0.6046823859214783,2.8778529667761177e-05,3.941638624382904e-06,0.6046823859214783,0.008633558900328353,0.0003153310899506323,0.6136312759117573,176993.5625,2.8778529667761177e-05,3.941638624382904e-06,292705.0,1.0,1.0,292705,292705.0,0.6265380382537842,0.024244215339422226
1660,adam,0.6038119196891785,0.5949245095252991,2.8617552743526176e-05,3.7763352338515688e-06,0.5949245095252991,0.008585265823057853,0.0003021068187081255,0.603811882167065,174137.375,2.8617552743526176e-05,3.7763352338515688e-06,292705.0,1.0,1.0,292705,292705.0,0.619674026966095,0.024219568818807602
1680,adam,0.6058045625686646,0.5968909859657288,2.8694070351775736e-05,3.816751359408954e-06,0.5968909859657288,0.00860822110553272,0.00030534010875271633,0.6058045471800142,174712.96875,2.8694070351775736e-05,3.816751359408954e-06,292705.0,1.0,1.0,292705,292705.0,0.6208792328834534,0.024196987971663475
1700,adam,0.6052740812301636,0.5963711142539978,2.8662578188232146e-05,3.8028965718694963e-06,0.5963711142539978,0.008598773456469644,0.0003042317257495597,0.605274119436217,174560.8125,2.8662578188232146e-05,3.8028965718694963e-06,292705.0,1.0,1.0,292705,292705.0,0.6202623844146729,0.024175360798835754
1720,adam,0.6033219695091248,0.5944392681121826,2.860064159904141e-05,3.7809493278473383e-06,0.5944392681121826,0.008580192479712423,0.00030247594622778706,0.6033219365381228,173995.34375,2.860064159904141e-05,3.7809493278473383e-06,292705.0,1.0,1.0,292705,292705.0,0.6191728115081787,0.02415400557219982
1740,adam,0.6038139462471008,0.5949546098709106,2.8523496439447626e-05,3.778893187700305e-06,0.5949546098709106,0.008557048931834288,0.0003023114550160244,0.603813970257761,174146.1875,2.8523496439447626e-05,3.778893187700305e-06,292705.0,1.0,1.0,292705,292705.0,0.6194948554039001,0.024132173508405685
1760,adam,0.6021436452865601,0.5932954549789429,2.848920485121198e-05,3.767823272937676e-06,0.5932954549789429,0.008546761455363594,0.0003014258618350141,0.6021436422961415,173660.546875,2.848920485121198e-05,3.767823272937676e-06,292705.0,1.0,1.0,292705,292705.0,0.617809534072876,0.024108000099658966
1780,adam,0.6027992963790894,0.5939547419548035,2.8471164114307612e-05,3.7904576402070234e-06,0.5939547419548035,0.008541349234292284,0.00030323661121656187,0.6027993278003123,173853.515625,2.8471164114307612e-05,3.7904576402070234e-06,292705.0,1.0,1.0,292705,292705.0,0.6185505986213684,0.02408095821738243
1800,adam,0.6018409132957458,0.5930145382881165,2.8417269277269952e-05,3.764847861020826e-06,0.5930145382881165,0.008525180783180986,0.00030118782888166606,0.6018409069001791,173578.3125,2.8417269277269952e-05,3.764847861020826e-06,292705.0,1.0,1.0,292705,292705.0,0.6174870729446411,0.024053070694208145
1820,adam,0.6016420125961304,0.5928258895874023,2.8390248189680278e-05,3.7381541915237904e-06,0.5928258895874023,0.008517074456904083,0.00029905233532190323,0.6016420163796283,173523.09375,2.8390248189680278e-05,3.7381541915237904e-06,292705.0,1.0,1.0,292705,292705.0,0.6175279021263123,0.02402127906680107
1840,adam,0.6016694903373718,0.5928640961647034,2.8354186724754982e-05,3.739593466889346e-06,0.5928640961647034,0.008506256017426495,0.0002991674773511477,0.601669519659481,173534.28125,2.8354186724754982e-05,3.739593466889346e-06,292705.0,1.0,1.0,292705,292705.0,0.6174429655075073,0.02398604527115822
1860,adam,0.6013934016227722,0.5925977826118469,2.83225963357836e-05,3.736036433110712e-06,0.5925977826118469,0.00849677890073508,0.00029888291464885697,0.6013934444272309,173456.328125,2.83225963357836e-05,3.736036433110712e-06,292705.0,1.0,1.0,292705,292705.0,0.6171351671218872,0.023946601897478104
1880,adam,0.6013734340667725,0.59259033203125,2.8281199774937704e-05,3.734053734660847e-06,0.59259033203125,0.008484359932481311,0.00029872429877286777,0.6013734162625042,173454.15625,2.8281199774937704e-05,3.734053734660847e-06,292705.0,1.0,1.0,292705,292705.0,0.6170368790626526,0.023902708664536476
1900,adam,0.6013608574867249,0.5925927758216858,2.8231845135451294e-05,3.7308791434043087e-06,0.5925927758216858,0.008469553540635388,0.0002984703314723447,0.6013607996937935,173454.875,2.8231845135451294e-05,3.7308791434043087e-06,292705.0,1.0,1.0,292705,292705.0,0.6169413328170776,0.023854201659560204
1920,adam,0.6013507843017578,0.592598557472229,2.8180029403301887e-05,3.7277359297149815e-06,0.592598557472229,0.008454008820990566,0.0002982188743771985,0.6013507851675968,173456.5625,2.8180029403301887e-05,3.7277359297149815e-06,292705.0,1.0,1.0,292705,292705.0,0.6168363690376282,0.023802870884537697
1940,adam,0.6013414263725281,0.5926067233085632,2.812274033203721e-05,3.724096586665837e-06,0.5926067233085632,0.008436822099611163,0.00029792772693326697,0.6013414731351077,173458.953125,2.812274033203721e-05,3.724096586665837e-06,292705.0,1.0,1.0,292705,292705.0,0.6167277693748474,0.023747993633151054
1960,adam,0.6013327240943909,0.5926167964935303,2.8061023840564303e-05,3.7201148188614752e-06,0.5926167964935303,0.008418307152169291,0.000297609185508918,0.6013327128312085,173461.90625,2.8061023840564303e-05,3.7201148188614752e-06,292705.0,1.0,1.0,292705,292705.0,0.6166101694107056,0.023688191547989845
1980,adam,0.6013251543045044,0.5926294326782227,2.7994783522444777e-05,3.716008677656646e-06,0.5926294326782227,0.008398435056733433,0.00029728069421253167,0.6013251484291686,173465.59375,2.7994783522444777e-05,3.716008677656646e-06,292705.0,1.0,1.0,292705,292705.0,0.6164847016334534,0.023623237386345863
2000,adam,0.3423883616924286,0.3337142765522003,2.792392479022965e-05,3.7115080431249226e-06,0.3337142765522003,0.008377177437068895,0.0002969206434499938,0.3423883746327192,87947.0625,2.792392479022965e-05,3.7115080431249226e-06,263540.0,1.0,1.0,263540,263540.0,0.5090233087539673,0.02355325035750866
2020,adam,0.33873507380485535,0.3313485383987427,2.367114575463347e-05,3.564867029126617e-06,0.3313485383987427,0.007101343726390041,0.00028518936233012937,0.33873507148746285,87323.59375,2.367114575463347e-05,3.564867029126617e-06,263540.0,1.0,1.0,263540,263540.0,0.5043547749519348,0.022255463525652885
2040,adam,0.3192218542098999,0.3132953643798828,1.892926411528606e-05,3.0965056794229895e-06,0.3132953643798828,0.005678779234585818,0.00024772045435383916,0.31922186406882247,82565.859375,1.892926411528606e-05,3.0965056794229895e-06,263540.0,1.0,1.0,263540,263540.0,0.4878878593444824,0.0211399607360363
2060,adam,0.31315869092941284,0.3081378638744354,1.599052302481141e-05,2.795804448396666e-06,0.3081378638744354,0.004797156907443423,0.00022366435587173328,0.3131586851377506,81206.65625,1.599052302481141e-05,2.795804448396666e-06,263540.0,1.0,1.0,263540,263540.0,0.48288288712501526,0.020683756098151207
2080,adam,0.3097735643386841,0.30535420775413513,1.4029442354512867e-05,2.6316909043089254e-06,0.30535420775413513,0.00420883270635386,0.00021053527234471403,0.3097735757328337,80473.046875,1.4029442354512867e-05,2.6316909043089254e-06,263540.0,1.0,1.0,263540,263540.0,0.4794106185436249,0.020494798198342323
2100,adam,0.3075323700904846,0.3035162687301636,1.2716100172838196e-05,2.5158976768580033e-06,0.3035162687301636,0.003814830051851459,0.00020127181414864026,0.3075323705961637,79988.6796875,1.2716100172838196e-05,2.5158976768580033e-06,263540.0,1.0,1.0,263540,263540.0,0.4769115746021271,0.020462755113840103
2120,adam,0.30599555373191833,0.30225908756256104,1.180526760435896e-05,2.4360838324355427e-06,0.30225908756256104,0.003541580281307688,0.00019488670659484342,0.30599555455046357,79657.359375,1.180526760435896e-05,2.4360838324355427e-06,263540.0,1.0,1.0,263540,263540.0,0.4749930500984192,0.020510345697402954
2140,adam,0.3049296736717224,0.3013938069343567,1.1151614671689458e-05,2.3798666006769054e-06,0.3013938069343567,0.0033454844015068375,0.00019038932805415243,0.3049296806639177,79429.3203125,1.1151614671689458e-05,2.3798666006769054e-06,263540.0,1.0,1.0,263540,263540.0,0.47354161739349365,0.020597565919160843
2160,adam,0.3041853606700897,0.3007955849170685,1.067549419531133e-05,2.3392869934468763e-06,0.3007955849170685,0.003202648258593399,0.0001871429594757501,0.30418537613513763,79271.671875,1.067549419531133e-05,2.3392869934468763e-06,263540.0,1.0,1.0,263540,263540.0,0.4724183976650238,0.020702771842479706
2180,adam,0.30366361141204834,0.30038222670555115,1.0322127309336793e-05,2.3092684386938345e-06,0.30038222670555115,0.003096638192801038,0.00018474147509550676,0.3036636063734477,79162.734375,1.0322127309336793e-05,2.3092684386938345e-06,263540.0,1.0,1.0,263540,263540.0,0.47154736518859863,0.020812904462218285
2200,adam,0.30329659581184387,0.3000969886779785,1.0055522579932585e-05,2.2869357962918002e-06,0.3000969886779785,0.0030166567739797756,0.00018295486370334402,0.30329660031566164,79087.5625,1.0055522579932585e-05,2.2869357962918002e-06,263540.0,1.0,1.0,263540,263540.0,0.47086581587791443,0.02092045173048973
2220,adam,0.30303755402565,0.2999004125595093,9.851809409155976e-06,2.2699091459799092e-06,0.2999004125595093,0.002955542822746793,0.00018159273167839274,0.30303754811393446,79035.7578125,9.851809409155976e-06,2.2699091459799092e-06,263540.0,1.0,1.0,263540,263540.0,0.4703296720981598,0.021021200343966484
2240,adam,0.30285412073135376,0.2997652590274811,9.694416803540662e-06,2.256866309835459e-06,0.2997652590274811,0.0029083250410621986,0.00018054930478683673,0.3028541333733301,79000.1328125,9.694416803540662e-06,2.256866309835459e-06,263540.0,1.0,1.0,263540,263540.0,0.4699038565158844,0.021113164722919464
2260,adam,0.30272382497787476,0.2996726334095001,9.571475857228506e-06,2.246821395601728e-06,0.2996726334095001,0.002871442757168552,0.00017974571164813824,0.3027238218783168,78975.7265625,9.571475857228506e-06,2.246821395601728e-06,263540.0,1.0,1.0,263540,263540.0,0.46956565976142883,0.021195590496063232
2280,adam,0.3026314079761505,0.2996099591255188,9.474437320022844e-06,2.2389042442227947e-06,0.2996099591255188,0.002842331196006853,0.00017911233953782357,0.3026314026610635,78959.2109375,9.474437320022844e-06,2.2389042442227947e-06,263540.0,1.0,1.0,263540,263540.0,0.4692929983139038,0.02126854844391346
2300,adam,0.30256521701812744,0.2995673716068268,9.397446774528362e-06,2.232657152489992e-06,0.2995673716068268,0.0028192340323585086,0.00017861257219919935,0.3025652182113845,78947.984375,9.397446774528362e-06,2.232657152489992e-06,263540.0,1.0,1.0,263540,263540.0,0.4690719544887543,0.021332617849111557
2320,adam,0.3025181293487549,0.299539178609848,9.335744834970683e-06,2.2276312847679947e-06,0.299539178609848,0.002800723450491205,0.00017821050278143957,0.30251811256312067,78940.5546875,9.335744834970683e-06,2.2276312847679947e-06,263540.0,1.0,1.0,263540,263540.0,0.46889325976371765,0.021388495340943336
2340,adam,0.3024841845035553,0.2995205521583557,9.285810847359244e-06,2.2236570202949224e-06,0.2995205521583557,0.002785743254207773,0.0001778925616235938,0.3024841879741871,78935.6484375,9.285810847359244e-06,2.2236570202949224e-06,263540.0,1.0,1.0,263540,263540.0,0.46874669194221497,0.021436894312500954
2360,adam,0.3024599552154541,0.299508661031723,9.24544656299986e-06,2.2205013010534458e-06,0.299508661031723,0.002773633968899958,0.00017764010408427566,0.30245993510470726,78932.515625,9.24544656299986e-06,2.2205013010534458e-06,263540.0,1.0,1.0,263540,263540.0,0.4686259627342224,0.021478790789842606
2380,adam,0.3024425804615021,0.2995013892650604,9.21259015740361e-06,2.217845121776918e-06,0.2995013892650604,0.002763777047221083,0.00017742760974215344,0.30244259392202366,78930.59375,9.21259015740361e-06,2.217845121776918e-06,263540.0,1.0,1.0,263540,263540.0,0.4685264527797699,0.021514860913157463
2400,adam,0.3024298846721649,0.29949697852134705,9.185426279145759e-06,2.2157148578116903e-06,0.29949697852134705,0.0027556278837437276,0.00017725718862493522,0.3024298635937157,78929.4375,9.185426279145759e-06,2.2157148578116903e-06,263540.0,1.0,1.0,263540,263540.0,0.4684440493583679,0.021545931696891785
2420,adam,0.302420973777771,0.2994949221611023,9.163136382994708e-06,2.213990455857129e-06,0.2994949221611023,0.0027489409148984123,0.0001771192364685703,0.3024209823124693,78928.890625,9.163136382994708e-06,2.213990455857129e-06,263540.0,1.0,1.0,263540,263540.0,0.46837541460990906,0.02157261036336422
2440,adam,0.302414208650589,0.29949378967285156,9.144700015895069e-06,2.2125555005914066e-06,0.29949378967285156,0.0027434100047685206,0.00017700444004731253,0.3024142041176674,78928.59375,9.144700015895069e-06,2.2125555005914066e-06,263540.0,1.0,1.0,263540,263540.0,0.4683181643486023,0.021595504134893417
2460,adam,0.302409291267395,0.29949355125427246,9.12945961317746e-06,2.2113699742476456e-06,0.29949355125427246,0.002738837883953238,0.00017690959793981165,0.3024092987361655,78928.53125,9.12945961317746e-06,2.2113699742476456e-06,263540.0,1.0,1.0,263540,263540.0,0.468269944190979,0.02161519043147564
2480,adam,0.30240586400032043,0.29949402809143066,9.116679393628146e-06,2.210346792708151e-06,0.29949402809143066,0.002735003818088444,0.00017682774341665208,0.30240585965293576,78928.65625,9.116679393628146e-06,2.210346792708151e-06,263540.0,1.0,1.0,263540,263540.0,0.46823012828826904,0.021632017567753792
2500,adam,0.30240312218666077,0.29949453473091125,9.106066499953158e-06,2.2095514395914506e-06,0.29949453473091125,0.0027318199499859475,0.00017676411516731605,0.3024031187960645,78928.7890625,9.106066499953158e-06,2.2095514395914506e-06,263540.0,1.0,1.0,263540,263540.0,0.46819600462913513,0.02164646051824093
2520,adam,0.30240142345428467,0.2994956076145172,9.09709524421487e-06,2.2088568130129715e-06,0.2994956076145172,0.002729128573264461,0.00017670854504103772,0.3024014447328227,78929.0703125,9.09709524421487e-06,2.2088568130129715e-06,263540.0,1.0,1.0,263540,263540.0,0.4681670069694519,0.02165885455906391
2540,adam,0.30240005254745483,0.29949650168418884,9.089579179999419e-06,2.208282012361451e-06,0.29949650168418884,0.0027268737539998256,0.00017666256098891608,0.3024000379991776,78929.3046875,9.089579179999419e-06,2.208282012361451e-06,263540.0,1.0,1.0,263540,263540.0,0.46814268827438354,0.021669486537575722
2560,adam,0.3023991584777832,0.2994975447654724,9.08322363102343e-06,2.207815668953117e-06,0.2994975447654724,0.002724967089307029,0.00017662525351624936,0.3023991371082957,78929.5859375,9.08322363102343e-06,2.207815668953117e-06,263540.0,1.0,1.0,263540,263540.0,0.4681226909160614,0.021678639575839043
2580,adam,0.3023981750011444,0.29949823021888733,9.077910362975672e-06,2.2073666059441166e-06,0.29949823021888733,0.0027233731088927016,0.00017658932847552933,0.30239819265625556,78929.765625,9.077910362975672e-06,2.2073666059441166e-06,263540.0,1.0,1.0,263540,263540.0,0.4681048095226288,0.021686479449272156
2600,adam,0.302397757768631,0.29949918389320374,9.073413821170107e-06,2.2070198610890657e-06,0.29949918389320374,0.002722024146351032,0.00017656158888712525,0.3023977696284419,78930.015625,9.073413821170107e-06,2.2070198610890657e-06,263540.0,1.0,1.0,263540,263540.0,0.46809011697769165,0.02169324830174446
2620,adam,0.302397221326828,0.29949983954429626,9.069488442037255e-06,2.2067431473260513e-06,0.29949983954429626,0.0027208465326111764,0.0001765394517860841,0.3023972255286935,78930.1875,9.069488442037255e-06,2.2067431473260513e-06,263540.0,1.0,1.0,263540,263540.0,0.46807730197906494,0.021699029952287674
2640,adam,0.30239710211753845,0.2995007336139679,9.066205166163854e-06,2.2064796212362126e-06,0.2995007336139679,0.0027198615498491563,0.000176518369698897,0.30239711353351595,78930.421875,9.066205166163854e-06,2.2064796212362126e-06,263540.0,1.0,1.0,263540,263540.0,0.46806636452674866,0.02170400880277157
2660,adam,0.30239683389663696,0.29950132966041565,9.063360266736709e-06,2.2062804418965243e-06,0.29950132966041565,0.0027190080800210126,0.00017650243535172194,0.3023968401757884,78930.578125,9.063360266736709e-06,2.2062804418965243e-06,263540.0,1.0,1.0,263540,263540.0,0.46805721521377563,0.021708307787775993
2680,adam,0.302396684885025,0.2995019257068634,9.0609446488088e-06,2.206104909419082e-06,0.2995019257068634,0.00271828339464264,0.00017648839275352657,0.30239669749425957,78930.734375,9.0609446488088e-06,2.206104909419082e-06,263540.0,1.0,1.0,263540,263540.0,0.4680487811565399,0.021712064743041992
2700,adam,0.3023964464664459,0.29950228333473206,9.058916475623846e-06,2.205940290878061e-06,0.29950228333473206,0.002717674942687154,0.0001764752232702449,0.30239643350068945,78930.828125,9.058916475623846e-06,2.205940290878061e-06,263540.0,1.0,1.0,263540,263540.0,0.46804189682006836,0.021715236827731133
2720,adam,0.3023962378501892,0.2995026409626007,9.057147508428898e-06,2.2057956812204793e-06,0.2995026409626007,0.0027171442525286693,0.00017646365449763834,0.302396248869627,78930.9296875,9.057147508428898e-06,2.2057956812204793e-06,263540.0,1.0,1.0,263540,263540.0,0.4680359363555908,0.021718066185712814
2740,adam,0.30239635705947876,0.2995032072067261,9.0556613940862e-06,2.2056917714508018e-06,0.2995032072067261,0.0027166984182258602,0.00017645534171606414,0.302396360966668,78931.078125,9.0556613940862e-06,2.2056917714508018e-06,263540.0,1.0,1.0,263540,263540.0,0.46803098917007446,0.02172044850885868
2760,adam,0.3023962080478668,0.29950347542762756,9.054256224771962e-06,2.205602186222677e-06,0.29950347542762756,0.0027162768674315885,0.00017644817489781417,0.30239620046995697,78931.1484375,9.054256224771962e-06,2.205602186222677e-06,263540.0,1.0,1.0,263540,263540.0,0.4680263102054596,0.021722538396716118
2780,adam,0.302396297454834,0.2995039224624634,9.053138455783483e-06,2.205512373620877e-06,0.2995039224624634,0.002715941536735045,0.00017644098988967016,0.3023963049890881,78931.265625,9.053138455783483e-06,2.205512373620877e-06,263540.0,1.0,1.0,263540,263540.0,0.4680226743221283,0.021724337711930275
2800,adam,0.30239611864089966,0.29950404167175293,9.052165296452586e-06,2.205419605161296e-06,0.29950404167175293,0.0027156495889357757,0.0001764335684129037,0.3023961248291016,78931.296875,9.052165296452586e-06,2.205419605161296e-06,263540.0,1.0,1.0,263540,263540.0,0.4680193364620209,0.021725935861468315
2820,adam,0.30239611864089966,0.29950428009033203,9.05134129425278e-06,2.2053832253732253e-06,0.29950428009033203,0.002715402388275834,0.00017643065802985802,0.3023961131366377,78931.359375,9.05134129425278e-06,2.2053832253732253e-06,263540.0,1.0,1.0,263540,263540.0,0.46801647543907166,0.021727319806814194
2840,adam,0.30239617824554443,0.2995045781135559,9.050523658515885e-06,2.2053336579119787e-06,0.2995045781135559,0.0027151570975547656,0.0001764266926329583,0.30239616190374363,78931.4375,9.050523658515885e-06,2.2053336579119787e-06,263540.0,1.0,1.0,263540,263540.0,0.4680136740207672,0.021728504449129105
2860,adam,0.3023960590362549,0.29950466752052307,9.049903383129276e-06,2.2052672647987492e-06,0.29950466752052307,0.002714971014938783,0.00017642138118389994,0.30239605991664575,78931.4609375,9.049903383129276e-06,2.2052672647987492e-06,263540.0,1.0,1.0,263540,263540.0,0.46801140904426575,0.021729551255702972
2880,adam,0.30239608883857727,0.2995048463344574,9.049350410350598e-06,2.2052324766264064e-06,0.2995048463344574,0.0027148051231051795,0.00017641859813011251,0.3023960700556927,78931.5078125,9.049350410350598e-06,2.2052324766264064e-06,263540.0,1.0,1.0,263540,263540.0,0.46800971031188965,0.02173047699034214
2900,adam,0.30239614844322205,0.2995050251483917,9.048942956724204e-06,2.2052047370380023e-06,0.2995050251483917,0.0027146828870172612,0.0001764163789630402,0.302396124414372,78931.5546875,9.048942956724204e-06,2.2052047370380023e-06,263540.0,1.0,1.0,263540,263540.0,0.4680080711841583,0.02173127420246601
2920,adam,0.3023959696292877,0.2995050251483917,9.048510946740862e-06,2.2051735868444666e-06,0.2995050251483917,0.0027145532840222586,0.00017641388694755733,0.30239599231936154,78931.5546875,9.048510946740862e-06,2.2051735868444666e-06,263540.0,1.0,1.0,263540,263540.0,0.46800658106803894,0.02173198200762272
2940,adam,0.3023960590362549,0.29950523376464844,9.048129868460819e-06,2.2051262931199744e-06,0.29950523376464844,0.0027144389605382457,0.00017641010344959795,0.3023960828286363,78931.609375,9.048129868460819e-06,2.2051262931199744e-06,263540.0,1.0,1.0,263540,263540.0,0.4680054783821106,0.021732574328780174
2960,adam,0.30239588022232056,0.2995051443576813,9.04778698895825e-06,2.2051108317100443e-06,0.2995051443576813,0.0027143360966874752,0.00017640886653680354,0.30239588932090555,78931.5859375,9.04778698895825e-06,2.2051108317100443e-06,263540.0,1.0,1.0,263540,263540.0,0.4680038392543793,0.021733134984970093
2980,adam,0.3023960590362549,0.29950541257858276,9.047495041158982e-06,2.2050853658583947e-06,0.29950541257858276,0.0027142485123476945,0.00017640682926867157,0.30239606792019913,78931.65625,9.047495041158982e-06,2.2050853658583947e-06,263540.0,1.0,1.0,263540,263540.0,0.4680033028125763,0.021733619272708893
3000,adam,0.2128886729478836,0.20999808609485626,9.047279490914661e-06,2.2050708139431663e-06,0.20999808609485626,0.0027141838472743984,0.0001764056651154533,0.21288867560724611,49847.875,9.047279490914661e-06,2.2050708139431663e-06,237373.0,1.0,1.0,237373,237373.0,0.40657058358192444,0.021734032779932022
3020,adam,0.20919477939605713,0.20654407143592834,8.269023055618163e-06,2.1250671125017107e-06,0.20654407143592834,0.002480706916685449,0.00017000536900013685,0.20919478372161393,49027.984375,8.269023055618163e-06,2.1250671125017107e-06,237373.0,1.0,1.0,237373,237373.0,0.4013402462005615,0.021514762192964554
3040,adam,0.2082681506872177,0.20574405789375305,7.860588084440678e-06,2.073931000268203e-06,0.20574405789375305,0.0023581764253322035,0.00016591448002145626,0.2082681487991067,48838.0859375,7.860588084440678e-06,2.073931000268203e-06,237373.0,1.0,1.0,237373,237373.0,0.4004088044166565,0.021412137895822525
3060,adam,0.207723468542099,0.2052839994430542,7.585338607896119e-06,2.0483648768276908e-06,0.2052839994430542,0.002275601582368836,0.00016386919014621526,0.20772347021556925,48728.87890625,7.585338607896119e-06,2.0483648768276908e-06,237373.0,1.0,1.0,237373,237373.0,0.3998231291770935,0.021338190883398056
3080,adam,0.20730873942375183,0.2049441635608673,7.341584023379255e-06,2.0262605175958015e-06,0.2049441635608673,0.0022024752070137765,0.00016210084140766412,0.20730873960928875,48648.2109375,7.341584023379255e-06,2.0262605175958015e-06,237373.0,1.0,1.0,237373,237373.0,0.3993809223175049,0.021301228553056717
3100,adam,0.20698322355747223,0.20467321574687958,7.164432645367924e-06,2.0085171854589134e-06,0.20467321574687958,0.0021493297936103772,0.00016068137483671308,0.20698322691532667,48583.89453125,7.164432645367924e-06,2.0085171854589134e-06,237373.0,1.0,1.0,237373,237373.0,0.39895009994506836,0.02129671908915043
3120,adam,0.20672371983528137,0.20445577800273895,7.027781066426542e-06,1.9951357899117284e-06,0.20445577800273895,0.0021083343199279625,0.00015961086319293827,0.20672372318585985,48532.28125,7.027781066426542e-06,1.9951357899117284e-06,237373.0,1.0,1.0,237373,237373.0,0.3986152410507202,0.021312929689884186
3140,adam,0.20651458203792572,0.20428042113780975,6.9179959609755315e-06,1.9844883354380727e-06,0.20428042113780975,0.0020753987882926594,0.00015875906683504581,0.20651457899293746,48490.65625,6.9179959609755315e-06,1.9844883354380727e-06,237373.0,1.0,1.0,237373,237373.0,0.3983326256275177,0.02134121209383011
3160,adam,0.20634518563747406,0.20413841307163239,6.828934601799119e-06,1.976002522496856e-06,0.20413841307163239,0.0020486803805397358,0.00015808020179974847,0.20634517365397187,48456.94921875,6.828934601799119e-06,1.976002522496856e-06,237373.0,1.0,1.0,237373,237373.0,0.39809489250183105,0.02137700468301773
3180,adam,0.2062070518732071,0.20402280986309052,6.755708909622626e-06,1.96909991245775e-06,0.20402280986309052,0.002026712672886788,0.00015752799299662001,0.20620705052897392,48429.5078125,6.755708909622626e-06,1.96909991245775e-06,237373.0,1.0,1.0,237373,237373.0,0.3978935480117798,0.021416842937469482
3200,adam,0.20609378814697266,0.20392820239067078,6.695026513625635e-06,1.9634044292615727e-06,0.20392820239067078,0.0020085079540876905,0.0001570723543409258,0.2060937826990994,48407.05078125,6.695026513625635e-06,1.9634044292615727e-06,237373.0,1.0,1.0,237373,237373.0,0.3977223336696625,0.021458638831973076
3220,adam,0.20600059628486633,0.20385068655014038,6.644011591561139e-06,1.9586827875173185e-06,0.20385068655014038,0.0019932034774683416,0.00015669462300138548,0.2060005846506101,48388.6484375,6.644011591561139e-06,1.9586827875173185e-06,237373.0,1.0,1.0,237373,237373.0,0.3975759744644165,0.021500898525118828
3240,adam,0.20592346787452698,0.20378684997558594,6.6008187786792405e-06,1.9547296687960625e-06,0.20378684997558594,0.001980245633603772,0.000156378373503685,0.2059234739826934,48373.49609375,6.6008187786792405e-06,1.9547296687960625e-06,237373.0,1.0,1.0,237373,237373.0,0.39745011925697327,0.02154255285859108
3260,adam,0.20585942268371582,0.20373404026031494,6.564248906215653e-06,1.9513920506142313e-06,0.20373404026031494,0.001969274671864696,0.0001561113640491385,0.20585942629622878,48360.9609375,6.564248906215653e-06,1.9513920506142313e-06,237373.0,1.0,1.0,237373,237373.0,0.39734187722206116,0.021583039313554764
3280,adam,0.20580583810806274,0.20369015634059906,6.532690804306185e-06,1.948562839970691e-06,0.20369015634059906,0.0019598072412918555,0.0001558850271976553,0.20580584860908857,48350.54296875,6.532690804306185e-06,1.948562839970691e-06,237373.0,1.0,1.0,237373,237373.0,0.3972474932670593,0.02162192016839981
3300,adam,0.2057611346244812,0.20365385711193085,6.505319106508978e-06,1.9461226656858344e-06,0.20365385711193085,0.0019515957319526933,0.00015568981325486675,0.2057611426571384,48341.92578125,6.505319106508978e-06,1.9461226656858344e-06,237373.0,1.0,1.0,237373,237373.0,0.3971656858921051,0.02165892720222473
3320,adam,0.20572364330291748,0.20362359285354614,6.48176364848041e-06,1.9440251435298705e-06,0.20362359285354614,0.001944529094544123,0.00015552201148238964,0.20572364395957266,48334.7421875,6.48176364848041e-06,1.9440251435298705e-06,237373.0,1.0,1.0,237373,237373.0,0.3970944881439209,0.021693909540772438
3340,adam,0.205691859126091,0.20359814167022705,6.461154498538235e-06,1.9422082004894037e-06,0.20359814167022705,0.0019383463495614706,0.0001553766560391523,0.20569186467582767,48328.703125,6.461154498538235e-06,1.9422082004894037e-06,237373.0,1.0,1.0,237373,237373.0,0.3970317244529724,0.021726861596107483
3360,adam,0.20566512644290924,0.2035769671201706,6.443020538426936e-06,1.9406256797083188e-06,0.2035769671201706,0.0019329061615280807,0.0001552500543766655,0.20566512333607534,48323.67578125,6.443020538426936e-06,1.9406256797083188e-06,237373.0,1.0,1.0,237373,237373.0,0.39697664976119995,0.02175779640674591
3380,adam,0.20564216375350952,0.20355892181396484,6.427039352274733e-06,1.939234607561957e-06,0.20355892181396484,0.0019281118056824198,0.00015513876860495657,0.20564217238825222,48319.390625,6.427039352274733e-06,1.939234607561957e-06,237373.0,1.0,1.0,237373,237373.0,0.39692774415016174,0.021786684170365334
3400,adam,0.2056228369474411,0.20354390144348145,6.412938091671094e-06,1.93802293324552e-06,0.20354390144348145,0.0019238814275013283,0.0001550418346596416,0.20562282470564242,48315.828125,6.412938091671094e-06,1.93802293324552e-06,237373.0,1.0,1.0,237373,237373.0,0.39688459038734436,0.02181376703083515
3420,adam,0.20560629665851593,0.2035311758518219,6.400527126970701e-06,1.9369510937394807e-06,0.2035311758518219,0.0019201581380912103,0.00015495608749915846,0.20560629007741227,48312.8046875,6.400527126970701e-06,1.9369510937394807e-06,237373.0,1.0,1.0,237373,237373.0,0.3968461751937866,0.02183900773525238
3440,adam,0.20559187233448029,0.20352020859718323,6.389264854078647e-06,1.9359963516762946e-06,0.20352020859718323,0.001916779456223594,0.00015487970813410357,0.20559186776154093,48310.203125,6.389264854078647e-06,1.9359963516762946e-06,237373.0,1.0,1.0,237373,237373.0,0.3968118131160736,0.02186252735555172
3460,adam,0.20557968318462372,0.2035110890865326,6.379274054779671e-06,1.9351425635250052e-06,0.2035110890865326,0.0019137822164339013,0.00015481140508200042,0.2055796827080485,48308.0390625,6.379274054779671e-06,1.9351425635250052e-06,237373.0,1.0,1.0,237373,237373.0,0.39678093791007996,0.02188446931540966
3480,adam,0.20556917786598206,0.2035033255815506,6.370350547513226e-06,1.9343804069649195e-06,0.2035033255815506,0.0019111051642539678,0.00015475043255719356,0.20556918117836176,48306.1953125,6.370350547513226e-06,1.9343804069649195e-06,237373.0,1.0,1.0,237373,237373.0,0.39675360918045044,0.02190488949418068
3500,adam,0.2055601328611374,0.2034967541694641,6.362248313962482e-06,1.9337126104801428e-06,0.2034967541694641,0.0019086744941887446,0.00015469700883841142,0.20556012567249127,48304.63671875,6.362248313962482e-06,1.9337126104801428e-06,237373.0,1.0,1.0,237373,237373.0,0.3967289328575134,0.021923916414380074
3520,adam,0.20555192232131958,0.20349079370498657,6.354968718369491e-06,1.9330964278196916e-06,0.20349079370498657,0.0019064906155108474,0.00015464771422557533,0.205551932034723,48303.21875,6.354968718369491e-06,1.9330964278196916e-06,237373.0,1.0,1.0,237373,237373.0,0.39670613408088684,0.021941641345620155
3540,adam,0.20554499328136444,0.203485906124115,6.348300303216092e-06,1.9325530047353823e-06,0.203485906124115,0.0019044900909648277,0.00015460424037883058,0.20554500045545865,48302.05859375,6.348300303216092e-06,1.9325530047353823e-06,237373.0,1.0,1.0,237373,237373.0,0.39668598771095276,0.021958203986287117
3560,adam,0.20553894340991974,0.20348164439201355,6.3424436120840255e-06,1.9320514184073545e-06,0.20348164439201355,0.0019027330836252077,0.00015456411347258836,0.20553894158911135,48301.046875,6.3424436120840255e-06,1.9320514184073545e-06,237373.0,1.0,1.0,237373,237373.0,0.3966676890850067,0.02197360433638096
3580,adam,0.2055334746837616,0.2034778892993927,6.336877049761824e-06,1.931605311256135e-06,0.2034778892993927,0.0019010631149285473,0.0001545284249004908,0.20553348083922174,48300.15625,6.336877049761824e-06,1.931605311256135e-06,237373.0,1.0,1.0,237373,237373.0,0.3966505825519562,0.02198800817131996
3600,adam,0.20552903413772583,0.2034749537706375,6.3319339460576884e-06,1.9311992218717933e-06,0.2034749537706375,0.0018995801838173065,0.00015449593774974346,0.20552902989220456,48299.4609375,6.3319339460576884e-06,1.9311992218717933e-06,237373.0,1.0,1.0,237373,237373.0,0.3966357409954071,0.022001473233103752
3620,adam,0.2055249661207199,0.2034722864627838,6.327365554170683e-06,1.930826556417742e-06,0.2034722864627838,0.001898209666251205,0.00015446612451341935,0.20552496225354844,48298.828125,6.327365554170683e-06,1.930826556417742e-06,237373.0,1.0,1.0,237373,237373.0,0.39662155508995056,0.02201404608786106
3640,adam,0.20552128553390503,0.203469917178154,6.323129582597176e-06,1.930487997015007e-06,0.203469917178154,0.0018969388747791527,0.00015443903976120055,0.20552129509269434,48298.265625,6.323129582597176e-06,1.930487997015007e-06,237373.0,1.0,1.0,237373,237373.0,0.39660879969596863,0.02202584408223629
3660,adam,0.20551817119121552,0.2034679502248764,6.31935108685866e-06,1.9301712654851144e-06,0.2034679502248764,0.001895805326057598,0.00015441370123880915,0.2055181692521728,48297.796875,6.31935108685866e-06,1.9301712654851144e-06,237373.0,1.0,1.0,237373,237373.0,0.3965969979763031,0.022036898881196976
3680,adam,0.2055150866508484,0.20346596837043762,6.315781774901552e-06,1.9298795450595208e-06,0.20346596837043762,0.0018947345324704656,0.00015439036360476166,0.20551509326651285,48297.328125,6.315781774901552e-06,1.9298795450595208e-06,237373.0,1.0,1.0,237373,237373.0,0.3965859115123749,0.022047262638807297
3700,adam,0.2055126279592514,0.20346452295780182,6.312424829957308e-06,1.929623749674647e-06,0.20346452295780182,0.0018937274489871925,0.00015436989997397177,0.20551262030676298,48296.984375,6.312424829957308e-06,1.929623749674647e-06,237373.0,1.0,1.0,237373,237373.0,0.39657607674598694,0.022057026624679565
3720,adam,0.20551036298274994,0.20346324145793915,6.309264335868647e-06,1.9293638615636155e-06,0.20346324145793915,0.0018927793007605942,0.00015434910892508924,0.20551036986762483,48296.6796875,6.309264335868647e-06,1.9293638615636155e-06,237373.0,1.0,1.0,237373,237373.0,0.3965667188167572,0.02206619456410408
3740,adam,0.20550821721553802,0.2034619301557541,6.3065363065106794e-06,1.9291464923298918e-06,0.2034619301557541,0.0018919608919532038,0.00015433171938639134,0.20550822276709368,48296.3671875,6.3065363065106794e-06,1.9291464923298918e-06,237373.0,1.0,1.0,237373,237373.0,0.39655789732933044,0.022074861451983452
3760,adam,0.20550648868083954,0.20346100628376007,6.30390513833845e-06,1.9289309420855716e-06,0.20346100628376007,0.001891171541501535,0.00015431447536684573,0.20550649230062845,48296.1484375,6.30390513833845e-06,1.9289309420855716e-06,237373.0,1.0,1.0,237373,237373.0,0.39654988050460815,0.02208305336534977
3780,adam,0.2055048644542694,0.20346011221408844,6.301490429905243e-06,1.9287435861770064e-06,0.20346011221408844,0.001890447128971573,0.0001542994868941605,0.20550485882995417,48295.9375,6.301490429905243e-06,1.9287435861770064e-06,237373.0,1.0,1.0,237373,237373.0,0.39654234051704407,0.022090796381235123
3800,adam,0.20550324022769928,0.2034592181444168,6.299097549344879e-06,1.928564870468108e-06,0.2034592181444168,0.0018897292648034636,0.00015428518963744864,0.20550323259885772,48295.7265625,6.299097549344879e-06,1.928564870468108e-06,237373.0,1.0,1.0,237373,237373.0,0.3965352475643158,0.022098129615187645
3820,adam,0.2055019587278366,0.20345862209796906,6.296881565504009e-06,1.928372057591332e-06,0.20345862209796906,0.0018890644696512027,0.00015426976460730657,0.20550195633222756,48295.58203125,6.296881565504009e-06,1.928372057591332e-06,237373.0,1.0,1.0,237373,237373.0,0.3965287208557129,0.022105097770690918
3840,adam,0.20550072193145752,0.2034580111503601,6.294847025856143e-06,1.928220626723487e-06,0.2034580111503601,0.0018884541077568429,0.00015425765013787895,0.20550072290825483,48295.4375,6.294847025856143e-06,1.928220626723487e-06,237373.0,1.0,1.0,237373,237373.0,0.3965224325656891,0.02211172878742218
3860,adam,0.2054995894432068,0.20345745980739594,6.2929539126344025e-06,1.928072379087098e-06,0.20345745980739594,0.0018878861737903208,0.00015424579032696784,0.20549959177151322,48295.30859375,6.2929539126344025e-06,1.928072379087098e-06,237373.0,1.0,1.0,237373,237373.0,0.39651644229888916,0.022118087857961655
3880,adam,0.2054985761642456,0.20345698297023773,6.291174486250384e-06,1.9279309526609723e-06,0.20345698297023773,0.0018873523458751151,0.00015423447621287778,0.20549856979232572,48295.1953125,6.291174486250384e-06,1.9279309526609723e-06,237373.0,1.0,1.0,237373,237373.0,0.3965109586715698,0.022124139592051506
3900,adam,0.20549757778644562,0.20345652103424072,6.289417797233909e-06,1.9277806586615043e-06,0.20345652103424072,0.0018868253391701728,0.00015422245269292034,0.20549756882610382,48295.0859375,6.289417797233909e-06,1.9277806586615043e-06,237373.0,1.0,1.0,237373,237373.0,0.39650556445121765,0.02212991751730442
3920,adam,0.20549674332141876,0.20345619320869446,6.287772976065753e-06,1.9276631064713e-06,0.20345619320869446,0.001886331892819726,0.000154213048517704,0.2054967381500319,48295.0078125,6.287772976065753e-06,1.9276631064713e-06,237373.0,1.0,1.0,237373,237373.0,0.3965006172657013,0.02213549055159092
3940,adam,0.20549601316452026,0.20345596969127655,6.286154075496597e-06,1.9275371414551046e-06,0.20345596969127655,0.0018858462226489792,0.00015420297131640837,0.20549601888524194,48294.953125,6.286154075496597e-06,1.9275371414551046e-06,237373.0,1.0,1.0,237373,237373.0,0.39649590849876404,0.022140830755233765
3960,adam,0.20549531280994415,0.20345571637153625,6.284639766818145e-06,1.9274252736067865e-06,0.20345571637153625,0.0018853919300454436,0.00015419402188854292,0.20549530232347024,48294.89453125,6.284639766818145e-06,1.9274252736067865e-06,237373.0,1.0,1.0,237373,237373.0,0.39649128913879395,0.022145990282297134
3980,adam,0.20549453794956207,0.20345540344715118,6.28315956419101e-06,1.9273154521215474e-06,0.20345540344715118,0.001884947869257303,0.0001541852361697238,0.2054945365525782,48294.8203125,6.28315956419101e-06,1.9273154521215474e-06,237373.0,1.0,1.0,237373,237373.0,0.39648687839508057,0.022150948643684387
4000,adam,0.2054939866065979,0.20345526933670044,6.281804417085368e-06,1.927200855789124e-06,0.20345526933670044,0.0018845413251256105,0.00015417606846312992,0.20549398673028918,48294.7890625,6.281804417085368e-06,1.927200855789124e-06,237373.0,1.0,1.0,237373,237373.0,0.39648276567459106,0.022155772894620895
4001,lbfgs_final,0.2054939866065979,0.20345526933670044,6.281804417085368e-06,1.927200855789124e-06,0.20345526933670044,0.0018845413251256105,0.00015417606846312992,0.20549398673028918,48294.7890625,6.281804417085368e-06,1.927200855789124e-06,237373.0,1.0,1.0,237373,237373.0,0.39648276567459106,0.022155772894620895
4002,final,0.2054939866065979,0.20345526933670044,6.281804417085368e-06,1.927200855789124e-06,0.20345526933670044,0.0018845413251256105,0.00015417606846312992,0.20549398673028918,48294.7890625,6.281804417085368e-06,1.927200855789124e-06,237373.0,1.0,1.0,237373,237373.0,0.39648276567459106,0.022155772894620895
