iter,total,cd3d,cd3d_raw,cd2d,scale_reg,t_reg,scale,tx,ty,tz
0,0.15351166,0.00010151,0.01008791,520.03967285,0.00000000,0.00000000,1.00000000,0.00000000,0.00000000,0.42941356
1,0.12037476,0.00007469,0.00865024,456.87762451,0.00002500,0.00007500,1.00501263,0.00500000,0.00500000,0.43441355
2,0.09399109,0.00005408,0.00735892,399.10238647,0.00009861,0.00029649,1.00997949,0.00993755,0.00996367,0.43933603
3,0.07275919,0.00003803,0.00616998,347.25866699,0.00021761,0.00065550,1.01486075,0.01475047,0.01487107,0.44413683
4,0.05623473,0.00002604,0.00510460,301.93218994,0.00037755,0.00114011,1.01962054,0.01942187,0.01969496,0.44877884
5,0.04406444,0.00001784,0.00422419,262.26348877,0.00057141,0.00173094,1.02419209,0.02387486,0.02440787,0.45318729
6,0.03504816,0.00001227,0.00350362,227.73391724,0.00079048,0.00240330,1.02851450,0.02802373,0.02899382,0.45729417
7,0.02831927,0.00000852,0.00291939,197.94065857,0.00102673,0.00313256,1.03256142,0.03180938,0.03344012,0.46107560
8,0.02323103,0.00000598,0.00244592,172.44229126,0.00127253,0.00389606,1.03631639,0.03521052,0.03773495,0.46451843
9,0.01932589,0.00000427,0.00206622,150.50869751,0.00152205,0.00467545,1.03978443,0.03822787,0.04187131,0.46763495
10,0.01622665,0.00000312,0.00176520,131.03724670,0.00177033,0.00545517,1.04297304,0.04087026,0.04584630,0.47043687
11,0.01371741,0.00000232,0.00152385,113.87185669,0.00201358,0.00622378,1.04589498,0.04315888,0.04966014,0.47294471
12,0.01167832,0.00000177,0.00133172,98.95697784,0.00224933,0.00697374,1.04856980,0.04512840,0.05331277,0.47518376
13,0.01002221,0.00000140,0.00118485,86.08205414,0.00247569,0.00769989,1.05101490,0.04681939,0.05680374,0.47717512
14,0.00867002,0.00000115,0.00107371,75.06113434,0.00269128,0.00839649,1.05324674,0.04824502,0.06013334,0.47894016
15,0.00755857,0.00000098,0.00099170,65.63175201,0.00289516,0.00906209,1.05528057,0.04944907,0.06330319,0.48049763
16,0.00664538,0.00000087,0.00093335,57.61466599,0.00308667,0.00969382,1.05713022,0.05044463,0.06631593,0.48186696
17,0.00589478,0.00000080,0.00089527,50.79732895,0.00326534,0.01028963,1.05880737,0.05124624,0.06917572,0.48306218
18,0.00528079,0.00000076,0.00087240,45.05447006,0.00343094,0.01084822,1.06032372,0.05186919,0.07188507,0.48409760
19,0.00476554,0.00000074,0.00086122,40.08892441,0.00358341,0.01137045,1.06168962,0.05234175,0.07444876,0.48498487
20,0.00433433,0.00000074,0.00085855,35.81662750,0.00372288,0.01185839,1.06291533,0.05269478,0.07687382,0.48573464
21,0.00398546,0.00000075,0.00086342,32.23814392,0.00384956,0.01231337,1.06401014,0.05295241,0.07916433,0.48635587
22,0.00370860,0.00000076,0.00087456,29.27058792,0.00396371,0.01273638,1.06498218,0.05313428,0.08132307,0.48685646
23,0.00349311,0.00000079,0.00088979,26.84215736,0.00406560,0.01312752,1.06583881,0.05324929,0.08335266,0.48724407
24,0.00332439,0.00000082,0.00090787,24.82530594,0.00415556,0.01348786,1.06658673,0.05331254,0.08525638,0.48752540
25,0.00319110,0.00000086,0.00092718,23.13403320,0.00423389,0.01381876,1.06723201,0.05333990,0.08703820,0.48770565
26,0.00308725,0.00000090,0.00094640,21.73161888,0.00430095,0.01412102,1.06777990,0.05333851,0.08870260,0.48779055
27,0.00300906,0.00000093,0.00096487,20.59357071,0.00435711,0.01439545,1.06823564,0.05331437,0.09025379,0.48778552
28,0.00294548,0.00000096,0.00098128,19.63543892,0.00440276,0.01464332,1.06860411,0.05327761,0.09169593,0.48769459
29,0.00289822,0.00000099,0.00099521,18.88504028,0.00443838,0.01486589,1.06889045,0.05323632,0.09303291,0.48752263
30,0.00286054,0.00000101,0.00100634,18.28325844,0.00446450,0.01506432,1.06909966,0.05319798,0.09426760,0.48727471
31,0.00282837,0.00000103,0.00101419,17.80093765,0.00448168,0.01523964,1.06923699,0.05316545,0.09540390,0.48695636
32,0.00280299,0.00000104,0.00101884,17.45086098,0.00449053,0.01539292,1.06930768,0.05314068,0.09644573,0.48657304
33,0.00278186,0.00000104,0.00102029,17.20886040,0.00449174,0.01552538,1.06931722,0.05312894,0.09739500,0.48613137
34,0.00276026,0.00000104,0.00101878,17.02242279,0.00448599,0.01563825,1.06927145,0.05313252,0.09825511,0.48563737
35,0.00273909,0.00000103,0.00101447,16.89755630,0.00447396,0.01573216,1.06917536,0.05314564,0.09903038,0.48509732
36,0.00271563,0.00000102,0.00100761,16.80119705,0.00445635,0.01580826,1.06903446,0.05316634,0.09972540,0.48451748
37,0.00269266,0.00000100,0.00099880,16.74784470,0.00443391,0.01586757,1.06885457,0.05319272,0.10034377,0.48390424
38,0.00266960,0.00000098,0.00098835,16.72458649,0.00440734,0.01591082,1.06864107,0.05321969,0.10088918,0.48326385
39,0.00264638,0.00000095,0.00097666,16.72212601,0.00437739,0.01593873,1.06839955,0.05324231,0.10136510,0.48260286
40,0.00262209,0.00000093,0.00096394,16.72626686,0.00434468,0.01595240,1.06813502,0.05325931,0.10177577,0.48192582
41,0.00259792,0.00000090,0.00095037,16.74476624,0.00430979,0.01595302,1.06785178,0.05327143,0.10212477,0.48123738
42,0.00257387,0.00000088,0.00093627,16.77068901,0.00427327,0.01594194,1.06755412,0.05328163,0.10241485,0.48054287
43,0.00254994,0.00000085,0.00092200,16.79717255,0.00423559,0.01592061,1.06724584,0.05329320,0.10264951,0.47984686
44,0.00252466,0.00000082,0.00090762,16.80805588,0.00419722,0.01589048,1.06693065,0.05331034,0.10283263,0.47915223
45,0.00250048,0.00000080,0.00089371,16.81764984,0.00415859,0.01585244,1.06661189,0.05333150,0.10296840,0.47846144
46,0.00247636,0.00000077,0.00088020,16.81693840,0.00412014,0.01580681,1.06629324,0.05334985,0.10306024,0.47777879
47,0.00245290,0.00000075,0.00086725,16.80943108,0.00408218,0.01575452,1.06597722,0.05336470,0.10311189,0.47710702
48,0.00243007,0.00000073,0.00085491,16.79471207,0.00404498,0.01569656,1.06566620,0.05337773,0.10312670,0.47644827
49,0.00240859,0.00000071,0.00084317,16.78020477,0.00400874,0.01563309,1.06536198,0.05338300,0.10310760,0.47580504
50,0.00238738,0.00000069,0.00083235,16.75043106,0.00397366,0.01556461,1.06506622,0.05337773,0.10305779,0.47517943
51,0.00236695,0.00000068,0.00082221,16.71500778,0.00393992,0.01549166,1.06478059,0.05336053,0.10298017,0.47457328
52,0.00234790,0.00000066,0.00081274,16.68035316,0.00390763,0.01541472,1.06450617,0.05333028,0.10287742,0.47398755
53,0.00232938,0.00000065,0.00080391,16.63908768,0.00387686,0.01533409,1.06424379,0.05328440,0.10275204,0.47342357
54,0.00231079,0.00000063,0.00079574,16.58501625,0.00384765,0.01525025,1.06399381,0.05322303,0.10260635,0.47288185
55,0.00229447,0.00000062,0.00078824,16.54172707,0.00382007,0.01516363,1.06375670,0.05314504,0.10244311,0.47236285
56,0.00227808,0.00000061,0.00078139,16.48650169,0.00379418,0.01507487,1.06353366,0.05305195,0.10226481,0.47186676
57,0.00226197,0.00000060,0.00077505,16.42515755,0.00376999,0.01498418,1.06332445,0.05294247,0.10207345,0.47139323
58,0.00224786,0.00000059,0.00076911,16.37702370,0.00374745,0.01489208,1.06312895,0.05281836,0.10187116,0.47094151
59,0.00223330,0.00000058,0.00076357,16.31747818,0.00372654,0.01479887,1.06294715,0.05267995,0.10165964,0.47051117
60,0.00222053,0.00000058,0.00075854,16.26748466,0.00370723,0.01470551,1.06277883,0.05253291,0.10144112,0.47010139
61,0.00220748,0.00000057,0.00075390,16.20825005,0.00368950,0.01461251,1.06262398,0.05237927,0.10121763,0.46971133
62,0.00219643,0.00000056,0.00074959,16.16364098,0.00367333,0.01452070,1.06248236,0.05222480,0.10099086,0.46933997
63,0.00218552,0.00000056,0.00074566,16.11425018,0.00365864,0.01443002,1.06235349,0.05206701,0.10076224,0.46898645
64,0.00217667,0.00000055,0.00074203,16.08084488,0.00364542,0.01434076,1.06223726,0.05190732,0.10053293,0.46865028
65,0.00216603,0.00000055,0.00073864,16.02557945,0.00363359,0.01425297,1.06213319,0.05174522,0.10030377,0.46833080
66,0.00215759,0.00000054,0.00073545,15.98924255,0.00362308,0.01416678,1.06204045,0.05158163,0.10007557,0.46802694
67,0.00215035,0.00000054,0.00073247,15.96144581,0.00361383,0.01408278,1.06195879,0.05142089,0.09984982,0.46773702
68,0.00214223,0.00000053,0.00072964,15.92257881,0.00360578,0.01400146,1.06188762,0.05126674,0.09962748,0.46746022
69,0.00213578,0.00000053,0.00072700,15.89730549,0.00359883,0.01392227,1.06182611,0.05111353,0.09940897,0.46719623
70,0.00212980,0.00000053,0.00072460,15.87329006,0.00359291,0.01384516,1.06177378,0.05095937,0.09919538,0.46694452
71,0.00212410,0.00000052,0.00072232,15.85000896,0.00358798,0.01377047,1.06173015,0.05080782,0.09898710,0.46670422
72,0.00211853,0.00000052,0.00072020,15.82561016,0.00358399,0.01369853,1.06169474,0.05066162,0.09878500,0.46647370
73,0.00211496,0.00000052,0.00071825,15.81874275,0.00358090,0.01362964,1.06166732,0.05052500,0.09858902,0.46625203
74,0.00211110,0.00000051,0.00071643,15.80681324,0.00357862,0.01356417,1.06164706,0.05040076,0.09840015,0.46603796
75,0.00210759,0.00000051,0.00071473,15.79674339,0.00357709,0.01350161,1.06163359,0.05028353,0.09821869,0.46583152
76,0.00210437,0.00000051,0.00071318,15.78738403,0.00357630,0.01344236,1.06162655,0.05017883,0.09804412,0.46563229
77,0.00210146,0.00000051,0.00071178,15.77875900,0.00357623,0.01338666,1.06162584,0.05008927,0.09787674,0.46543950
78,0.00209929,0.00000050,0.00071046,15.77626610,0.00357683,0.01333496,1.06163132,0.05001934,0.09771696,0.46525240
79,0.00209625,0.00000050,0.00070924,15.76372719,0.00357807,0.01328702,1.06164229,0.04996727,0.09756473,0.46507052
80,0.00209368,0.00000050,0.00070812,15.75428200,0.00357989,0.01324262,1.06165838,0.04993306,0.09741912,0.46489352
81,0.00209212,0.00000050,0.00070709,15.75367260,0.00358228,0.01320148,1.06167960,0.04991420,0.09728017,0.46472102
82,0.00209001,0.00000050,0.00070612,15.74663353,0.00358521,0.01316303,1.06170559,0.04990476,0.09714811,0.46455312
83,0.00208823,0.00000050,0.00070522,15.74174309,0.00358865,0.01312734,1.06173611,0.04990596,0.09702283,0.46438932
84,0.00208697,0.00000050,0.00070445,15.74036026,0.00359256,0.01309413,1.06177068,0.04991484,0.09690464,0.46422917
85,0.00208508,0.00000050,0.00070369,15.73238373,0.00359693,0.01306326,1.06180942,0.04992983,0.09679382,0.46407226
86,0.00208379,0.00000049,0.00070305,15.72883701,0.00360174,0.01303461,1.06185210,0.04994988,0.09669056,0.46391806
87,0.00208241,0.00000049,0.00070241,15.72421169,0.00360699,0.01300803,1.06189835,0.04997278,0.09659515,0.46376649
88,0.00208138,0.00000049,0.00070188,15.72153187,0.00361264,0.01298331,1.06194842,0.04999719,0.09650741,0.46361756
89,0.00208084,0.00000049,0.00070138,15.72332096,0.00361867,0.01296015,1.06200171,0.05002046,0.09642718,0.46347097
90,0.00207961,0.00000049,0.00070091,15.71775818,0.00362503,0.01293805,1.06205773,0.05003822,0.09635419,0.46332660
91,0.00207791,0.00000049,0.00070048,15.70701599,0.00363170,0.01291655,1.06211650,0.05004644,0.09628832,0.46318430
92,0.00207761,0.00000049,0.00070010,15.70944595,0.00363864,0.01289563,1.06217766,0.05004534,0.09622923,0.46304429
93,0.00207631,0.00000049,0.00069971,15.70200825,0.00364588,0.01287543,1.06224132,0.05003789,0.09617632,0.46290618
94,0.00207543,0.00000049,0.00069937,15.69814873,0.00365337,0.01285581,1.06230724,0.05002245,0.09612964,0.46277013
95,0.00207491,0.00000049,0.00069907,15.69722748,0.00366111,0.01283659,1.06237519,0.04999788,0.09608886,0.46263599
96,0.00207416,0.00000049,0.00069876,15.69414139,0.00366907,0.01281787,1.06244504,0.04996603,0.09605371,0.46250352
97,0.00207297,0.00000049,0.00069849,15.68612576,0.00367725,0.01279989,1.06251669,0.04993087,0.09602340,0.46237269
98,0.00207182,0.00000049,0.00069822,15.67845345,0.00368564,0.01278221,1.06259024,0.04988817,0.09599783,0.46224341
99,0.00207087,0.00000049,0.00069798,15.67232895,0.00369423,0.01276484,1.06266534,0.04983853,0.09597678,0.46211556
100,0.00206924,0.00000049,0.00069776,15.65921974,0.00370301,0.01274801,1.06274211,0.04978565,0.09595951,0.46198919
101,0.00206894,0.00000049,0.00069755,15.65931320,0.00371198,0.01273207,1.06282032,0.04973429,0.09594548,0.46186402
102,0.00206832,0.00000049,0.00069737,15.65553188,0.00372113,0.01271705,1.06290007,0.04968533,0.09593453,0.46173984
103,0.00206706,0.00000049,0.00069719,15.64564133,0.00373043,0.01270298,1.06298113,0.04964030,0.09592591,0.46161664
104,0.00206610,0.00000049,0.00069705,15.63800812,0.00373986,0.01268974,1.06306314,0.04959815,0.09591965,0.46149445
105,0.00206471,0.00000049,0.00069690,15.62624264,0.00374942,0.01267752,1.06314611,0.04956107,0.09591573,0.46137285
106,0.00206439,0.00000049,0.00069675,15.62506294,0.00375910,0.01266593,1.06323016,0.04952575,0.09591378,0.46125191
107,0.00206342,0.00000049,0.00069664,15.61699295,0.00376888,0.01265479,1.06331480,0.04949077,0.09591363,0.46113151
108,0.00206188,0.00000049,0.00069651,15.60342216,0.00377876,0.01264401,1.06340027,0.04945574,0.09591498,0.46101198
109,0.00206135,0.00000048,0.00069638,15.59978962,0.00378874,0.01263409,1.06348658,0.04942635,0.09591766,0.46089250
110,0.00206022,0.00000048,0.00069631,15.58961010,0.00379882,0.01262498,1.06357372,0.04940320,0.09592120,0.46077326
111,0.00205836,0.00000048,0.00069620,15.57246971,0.00380900,0.01261657,1.06366146,0.04938458,0.09592570,0.46065447
112,0.00205813,0.00000048,0.00069613,15.57114124,0.00381925,0.01260888,1.06374967,0.04937215,0.09593053,0.46053600
113,0.00205777,0.00000048,0.00069606,15.56842232,0.00382959,0.01260206,1.06383860,0.04936767,0.09593560,0.46041766
114,0.00205613,0.00000048,0.00069601,15.55277443,0.00384004,0.01259634,1.06392848,0.04937312,0.09594126,0.46029890
115,0.00205554,0.00000048,0.00069595,15.54749298,0.00385059,0.01259160,1.06401896,0.04938795,0.09594723,0.46017978
116,0.00205460,0.00000048,0.00069590,15.53871155,0.00386121,0.01258787,1.06410992,0.04941232,0.09595351,0.46006021
117,0.00205280,0.00000048,0.00069588,15.52096176,0.00387189,0.01258489,1.06420124,0.04944372,0.09596001,0.45994040
118,0.00205230,0.00000048,0.00069583,15.51666451,0.00388263,0.01258243,1.06429303,0.04947927,0.09596691,0.45982057
119,0.00205139,0.00000048,0.00069583,15.50743866,0.00389342,0.01258017,1.06438518,0.04951605,0.09597398,0.45970097
120,0.00204998,0.00000048,0.00069582,15.49332142,0.00390425,0.01257786,1.06447744,0.04955129,0.09598123,0.45958197
121,0.00204962,0.00000048,0.00069578,15.49015713,0.00391512,0.01257496,1.06456995,0.04958018,0.09598821,0.45946395
122,0.00204836,0.00000048,0.00069573,15.47827435,0.00392601,0.01257109,1.06466258,0.04959874,0.09599482,0.45934761
123,0.00204778,0.00000048,0.00069569,15.47302437,0.00393691,0.01256605,1.06475508,0.04960579,0.09600074,0.45923263
124,0.00204708,0.00000048,0.00069563,15.46683693,0.00394780,0.01256020,1.06484747,0.04960430,0.09600642,0.45911843
125,0.00204589,0.00000048,0.00069553,15.45629787,0.00395867,0.01255354,1.06493950,0.04959458,0.09601176,0.45900509
126,0.00204507,0.00000048,0.00069544,15.44921207,0.00396955,0.01254630,1.06503153,0.04957976,0.09601638,0.45889246
127,0.00204422,0.00000048,0.00069533,15.44228172,0.00398042,0.01253848,1.06512332,0.04955941,0.09602040,0.45878068
128,0.00204314,0.00000048,0.00069522,15.43297768,0.00399127,0.01253003,1.06521487,0.04953384,0.09602346,0.45866969
129,0.00204215,0.00000048,0.00069507,15.42507076,0.00400210,0.01252123,1.06530607,0.04950550,0.09602585,0.45855916
130,0.00204159,0.00000048,0.00069496,15.42101669,0.00401291,0.01251226,1.06539714,0.04947625,0.09602774,0.45844862
131,0.00204090,0.00000048,0.00069485,15.41561031,0.00402369,0.01250324,1.06548762,0.04944716,0.09602918,0.45833784
132,0.00204007,0.00000048,0.00069475,15.40874290,0.00403444,0.01249424,1.06557786,0.04941843,0.09603067,0.45822629
133,0.00203888,0.00000048,0.00069461,15.39879799,0.00404517,0.01248493,1.06566787,0.04938598,0.09603252,0.45811400
134,0.00203808,0.00000048,0.00069447,15.39260197,0.00405588,0.01247530,1.06575751,0.04934930,0.09603502,0.45800069
135,0.00203735,0.00000048,0.00069436,15.38695431,0.00406656,0.01246502,1.06584680,0.04930565,0.09603778,0.45788667
136,0.00203627,0.00000048,0.00069423,15.37789917,0.00407725,0.01245428,1.06593597,0.04925695,0.09604081,0.45777184
137,0.00203556,0.00000048,0.00069410,15.37268829,0.00408793,0.01244321,1.06602514,0.04920568,0.09604354,0.45765635
138,0.00203423,0.00000048,0.00069398,15.36093044,0.00409862,0.01243221,1.06611419,0.04915545,0.09604604,0.45754024
139,0.00203429,0.00000048,0.00069385,15.36339951,0.00410931,0.01242138,1.06620324,0.04910760,0.09604824,0.45742360
140,0.00203232,0.00000048,0.00069374,15.34529018,0.00412000,0.01241074,1.06629205,0.04906258,0.09605001,0.45730612
141,0.00203154,0.00000048,0.00069358,15.33957863,0.00413071,0.01240003,1.06638086,0.04901830,0.09605119,0.45718771
142,0.00203072,0.00000048,0.00069348,15.33280563,0.00414140,0.01238899,1.06646967,0.04897230,0.09605145,0.45706901
143,0.00203026,0.00000048,0.00069334,15.33011818,0.00415210,0.01237759,1.06655824,0.04892336,0.09605139,0.45694941
144,0.00202880,0.00000048,0.00069323,15.31715679,0.00416279,0.01236622,1.06664658,0.04887528,0.09605108,0.45682913
145,0.00202794,0.00000048,0.00069309,15.31040668,0.00417348,0.01235476,1.06673491,0.04882676,0.09605058,0.45670813
146,0.00202705,0.00000048,0.00069296,15.30332088,0.00418415,0.01234339,1.06682301,0.04878002,0.09604961,0.45658663
147,0.00202624,0.00000048,0.00069284,15.29692268,0.00419481,0.01233235,1.06691074,0.04873713,0.09604830,0.45646471
148,0.00202588,0.00000048,0.00069270,15.29521179,0.00420544,0.01232107,1.06699824,0.04869329,0.09604605,0.45634291
149,0.00202430,0.00000048,0.00069258,15.28118038,0.00421604,0.01230978,1.06708539,0.04865023,0.09604324,0.45622087
150,0.00202407,0.00000048,0.00069244,15.28078175,0.00422665,0.01229844,1.06717265,0.04860787,0.09603972,0.45609856
151,0.00202282,0.00000048,0.00069232,15.26993084,0.00423726,0.01228737,1.06725955,0.04857019,0.09603508,0.45597610
152,0.00202198,0.00000048,0.00069219,15.26339149,0.00424784,0.01227663,1.06734622,0.04853689,0.09602990,0.45585325
153,0.00202135,0.00000048,0.00069203,15.25921154,0.00425843,0.01226601,1.06743300,0.04850627,0.09602375,0.45573059
154,0.00202070,0.00000048,0.00069191,15.25445366,0.00426906,0.01225562,1.06751978,0.04847965,0.09601672,0.45560777
155,0.00201979,0.00000048,0.00069178,15.24710274,0.00427969,0.01224557,1.06760657,0.04845732,0.09600902,0.45548505
156,0.00201872,0.00000048,0.00069164,15.23824310,0.00429035,0.01223581,1.06769347,0.04843798,0.09600125,0.45536214
157,0.00201808,0.00000048,0.00069154,15.23335266,0.00430100,0.01222616,1.06778038,0.04841976,0.09599330,0.45523933
158,0.00201706,0.00000048,0.00069139,15.22518826,0.00431166,0.01221647,1.06786704,0.04840155,0.09598490,0.45511681
159,0.00201622,0.00000048,0.00069121,15.21926594,0.00432233,0.01220670,1.06795371,0.04838287,0.09597616,0.45499438
160,0.00201534,0.00000048,0.00069109,15.21198463,0.00433301,0.01219701,1.06804049,0.04836598,0.09596674,0.45487198
161,0.00201464,0.00000048,0.00069097,15.20678234,0.00434371,0.01218734,1.06812716,0.04835014,0.09595662,0.45474991
162,0.00201429,0.00000048,0.00069081,15.20536804,0.00435441,0.01217730,1.06821382,0.04833122,0.09594581,0.45462859
163,0.00201353,0.00000048,0.00069064,15.20014954,0.00436511,0.01216716,1.06830037,0.04831139,0.09593455,0.45450801
164,0.00201232,0.00000048,0.00069049,15.19016457,0.00437583,0.01215675,1.06838703,0.04829022,0.09592216,0.45438850
165,0.00201145,0.00000048,0.00069033,15.18364906,0.00438657,0.01214618,1.06847358,0.04826813,0.09590889,0.45427018
166,0.00201030,0.00000048,0.00069013,15.17494583,0.00439732,0.01213537,1.06856036,0.04824423,0.09589499,0.45415255
167,0.00201006,0.00000048,0.00068997,15.17475033,0.00440807,0.01212453,1.06864691,0.04822007,0.09588067,0.45403579
168,0.00200890,0.00000048,0.00068977,15.16582108,0.00441881,0.01211344,1.06873333,0.04819334,0.09586589,0.45392007
169,0.00200872,0.00000048,0.00068959,15.16659451,0.00442953,0.01210204,1.06881940,0.04816272,0.09585113,0.45380530
170,0.00200769,0.00000048,0.00068939,15.15899277,0.00444022,0.01209046,1.06890523,0.04812913,0.09583647,0.45369145
171,0.00200745,0.00000048,0.00068921,15.15912533,0.00445090,0.01207881,1.06899083,0.04809497,0.09582153,0.45357800
172,0.00200604,0.00000047,0.00068900,15.14796162,0.00446155,0.01206723,1.06907606,0.04806089,0.09580669,0.45346475
173,0.00200604,0.00000047,0.00068882,15.15036774,0.00447219,0.01205663,1.06916130,0.04803636,0.09579231,0.45335048
174,0.00200492,0.00000047,0.00068865,15.14165688,0.00448281,0.01204660,1.06924605,0.04801640,0.09577857,0.45323554
175,0.00200474,0.00000047,0.00068849,15.14207077,0.00449341,0.01203689,1.06933057,0.04799845,0.09576555,0.45311999
176,0.00200357,0.00000047,0.00068832,15.13261032,0.00450399,0.01202739,1.06941485,0.04798103,0.09575327,0.45300436
177,0.00200287,0.00000047,0.00068817,15.12758636,0.00451455,0.01201798,1.06949902,0.04796227,0.09574200,0.45288843
178,0.00200183,0.00000047,0.00068805,15.11889172,0.00452512,0.01200858,1.06958318,0.04794089,0.09573200,0.45277241
179,0.00200140,0.00000047,0.00068790,15.11661816,0.00453569,0.01199901,1.06966710,0.04791504,0.09572311,0.45265672
180,0.00200121,0.00000047,0.00068779,15.11628151,0.00454627,0.01198952,1.06975114,0.04788809,0.09571499,0.45254135
181,0.00200003,0.00000047,0.00068768,15.10597706,0.00455683,0.01198023,1.06983483,0.04786156,0.09570742,0.45242628
182,0.00199953,0.00000047,0.00068753,15.10305500,0.00456737,0.01197132,1.06991839,0.04783714,0.09570064,0.45231161
183,0.00199866,0.00000047,0.00068739,15.09623528,0.00457789,0.01196257,1.07000160,0.04781352,0.09569392,0.45219749
184,0.00199792,0.00000047,0.00068727,15.09039116,0.00458838,0.01195394,1.07008445,0.04779052,0.09568728,0.45208409
185,0.00199739,0.00000047,0.00068717,15.08654785,0.00459886,0.01194539,1.07016718,0.04776837,0.09568032,0.45197129
186,0.00199696,0.00000047,0.00068706,15.08368015,0.00460932,0.01193712,1.07024968,0.04774837,0.09567355,0.45185867
187,0.00199640,0.00000047,0.00068693,15.07978153,0.00461976,0.01192912,1.07033193,0.04772980,0.09566727,0.45174637
188,0.00199576,0.00000047,0.00068683,15.07476616,0.00463018,0.01192117,1.07041395,0.04771109,0.09566114,0.45163444
189,0.00199514,0.00000047,0.00068673,15.06996155,0.00464060,0.01191339,1.07049584,0.04769342,0.09565523,0.45152238
190,0.00199458,0.00000047,0.00068661,15.06587601,0.00465100,0.01190530,1.07057750,0.04767217,0.09564934,0.45141053
191,0.00199375,0.00000047,0.00068651,15.05906296,0.00466137,0.01189704,1.07065880,0.04764874,0.09564345,0.45129889
192,0.00199346,0.00000047,0.00068641,15.05746937,0.00467171,0.01188850,1.07073987,0.04762167,0.09563764,0.45118773
193,0.00199262,0.00000047,0.00068631,15.05037594,0.00468203,0.01188044,1.07082069,0.04759909,0.09563200,0.45107666
194,0.00199198,0.00000047,0.00068621,15.04543018,0.00469233,0.01187218,1.07090116,0.04757439,0.09562611,0.45096582
195,0.00199125,0.00000047,0.00068611,15.03946209,0.00470261,0.01186407,1.07098150,0.04755097,0.09562033,0.45085475
196,0.00199059,0.00000047,0.00068600,15.03435230,0.00471288,0.01185625,1.07106173,0.04753062,0.09561446,0.45074356
197,0.00199049,0.00000047,0.00068588,15.03488350,0.00472317,0.01184876,1.07114196,0.04751393,0.09560821,0.45063272
198,0.00198930,0.00000047,0.00068578,15.02433681,0.00473347,0.01184132,1.07122219,0.04749762,0.09560188,0.45052215
199,0.00198880,0.00000047,0.00068568,15.02075863,0.00474377,0.01183374,1.07130229,0.04748037,0.09559502,0.45041227
200,0.00198867,0.00000047,0.00068557,15.02086830,0.00475407,0.01182602,1.07138228,0.04746082,0.09558828,0.45030302
201,0.00198850,0.00000047,0.00068549,15.02033710,0.00476436,0.01181828,1.07146227,0.04744125,0.09558109,0.45019478
202,0.00198771,0.00000047,0.00068538,15.01388359,0.00477465,0.01181051,1.07154202,0.04742208,0.09557322,0.45008764
203,0.00198677,0.00000047,0.00068524,15.00632095,0.00478492,0.01180282,1.07162166,0.04740371,0.09556502,0.44998136
204,0.00198595,0.00000047,0.00068513,14.99964142,0.00479515,0.01179518,1.07170093,0.04738595,0.09555645,0.44987613
205,0.00198566,0.00000047,0.00068498,14.99869633,0.00480537,0.01178797,1.07177985,0.04737234,0.09554783,0.44977152
206,0.00198493,0.00000047,0.00068490,14.99250031,0.00481554,0.01178117,1.07185853,0.04736292,0.09553902,0.44966736
207,0.00198470,0.00000047,0.00068480,14.99155521,0.00482566,0.01177485,1.07193661,0.04735875,0.09553002,0.44956347
208,0.00198408,0.00000047,0.00068470,14.98664093,0.00483577,0.01176921,1.07201457,0.04736123,0.09552114,0.44945940
209,0.00198367,0.00000047,0.00068460,14.98391438,0.00484583,0.01176410,1.07209218,0.04736925,0.09551223,0.44935516
210,0.00198306,0.00000047,0.00068452,14.97878170,0.00485586,0.01175921,1.07216930,0.04737893,0.09550358,0.44925082
211,0.00198303,0.00000047,0.00068442,14.97983646,0.00486585,0.01175433,1.07224607,0.04738808,0.09549503,0.44914672
212,0.00198152,0.00000047,0.00068433,14.96596146,0.00487581,0.01174915,1.07232261,0.04739389,0.09548644,0.44904280
213,0.00198163,0.00000047,0.00068424,14.96821117,0.00488573,0.01174424,1.07239890,0.04740193,0.09547817,0.44893834
214,0.00198071,0.00000047,0.00068415,14.96024323,0.00489563,0.01173961,1.07247472,0.04741211,0.09547020,0.44883358
215,0.00198043,0.00000047,0.00068409,14.95815659,0.00490550,0.01173505,1.07255030,0.04742151,0.09546290,0.44872907
216,0.00198009,0.00000047,0.00068401,14.95578957,0.00491532,0.01173070,1.07262540,0.04743116,0.09545649,0.44862419
217,0.00197936,0.00000047,0.00068395,14.94922733,0.00492512,0.01172646,1.07270038,0.04744012,0.09545091,0.44851899
218,0.00197895,0.00000047,0.00068390,14.94578171,0.00493489,0.01172205,1.07277501,0.04744548,0.09544612,0.44841388
219,0.00197787,0.00000047,0.00068385,14.93568802,0.00494463,0.01171700,1.07284939,0.04744283,0.09544177,0.44830930
220,0.00197804,0.00000047,0.00068381,14.93788338,0.00495434,0.01171129,1.07292342,0.04743116,0.09543810,0.44820565
221,0.00197766,0.00000047,0.00068373,14.93507099,0.00496402,0.01170504,1.07299721,0.04741232,0.09543486,0.44810322
222,0.00197670,0.00000047,0.00068367,14.92633629,0.00497370,0.01169806,1.07307088,0.04738395,0.09543216,0.44800177
223,0.00197637,0.00000047,0.00068357,14.92430496,0.00498336,0.01169065,1.07314432,0.04735061,0.09542943,0.44790125
224,0.00197604,0.00000047,0.00068347,14.92237568,0.00499301,0.01168290,1.07321763,0.04731318,0.09542668,0.44780141
225,0.00197597,0.00000047,0.00068342,14.92236805,0.00500263,0.01167515,1.07329059,0.04727501,0.09542410,0.44770184
226,0.00197526,0.00000047,0.00068335,14.91621208,0.00501222,0.01166731,1.07336342,0.04723593,0.09542129,0.44760302
227,0.00197506,0.00000047,0.00068324,14.91568851,0.00502178,0.01165954,1.07343578,0.04719717,0.09541840,0.44750485
228,0.00197489,0.00000047,0.00068317,14.91480541,0.00503129,0.01165187,1.07350779,0.04715960,0.09541521,0.44740736
229,0.00197380,0.00000047,0.00068311,14.90486813,0.00504076,0.01164460,1.07357943,0.04712724,0.09541133,0.44731063
230,0.00197371,0.00000047,0.00068303,14.90499306,0.00505019,0.01163767,1.07365072,0.04709897,0.09540691,0.44721472
231,0.00197333,0.00000047,0.00068294,14.90235996,0.00505958,0.01163127,1.07372153,0.04707709,0.09540188,0.44711956
232,0.00197280,0.00000047,0.00068286,14.89815712,0.00506900,0.01162518,1.07379270,0.04705981,0.09539584,0.44702578
233,0.00197249,0.00000047,0.00068277,14.89618015,0.00507842,0.01161918,1.07386363,0.04704371,0.09538927,0.44693384
234,0.00197235,0.00000047,0.00068268,14.89600086,0.00508784,0.01161319,1.07393467,0.04702829,0.09538195,0.44684371
235,0.00197188,0.00000047,0.00068257,14.89283657,0.00509725,0.01160719,1.07400537,0.04701370,0.09537380,0.44675544
236,0.00197107,0.00000047,0.00068246,14.88609409,0.00510665,0.01160144,1.07407606,0.04700183,0.09536524,0.44666860
237,0.00197110,0.00000047,0.00068237,14.88762569,0.00511605,0.01159548,1.07414675,0.04698889,0.09535568,0.44658381
238,0.00197080,0.00000047,0.00068221,14.88674259,0.00512545,0.01158919,1.07421720,0.04697216,0.09534582,0.44650087
239,0.00197049,0.00000047,0.00068211,14.88500118,0.00513481,0.01158254,1.07428741,0.04695094,0.09533594,0.44641960
240,0.00196994,0.00000047,0.00068197,14.88146973,0.00514414,0.01157576,1.07435739,0.04692673,0.09532653,0.44633967
241,0.00197002,0.00000046,0.00068188,14.88343811,0.00515343,0.01156844,1.07442689,0.04689600,0.09531718,0.44626108
242,0.00196909,0.00000046,0.00068171,14.87635231,0.00516267,0.01156071,1.07449603,0.04686082,0.09530758,0.44618362
243,0.00196889,0.00000046,0.00068160,14.87593842,0.00517188,0.01155298,1.07456481,0.04682602,0.09529770,0.44610652
244,0.00196847,0.00000046,0.00068148,14.87332916,0.00518101,0.01154526,1.07463300,0.04679114,0.09528776,0.44602957
245,0.00196825,0.00000046,0.00068137,14.87267303,0.00519007,0.01153775,1.07470059,0.04675748,0.09527829,0.44595236
246,0.00196830,0.00000046,0.00068123,14.87496948,0.00519909,0.01153053,1.07476795,0.04672640,0.09526902,0.44587514
247,0.00196784,0.00000046,0.00068112,14.87185192,0.00520808,0.01152328,1.07483494,0.04669449,0.09526002,0.44579744
248,0.00196787,0.00000046,0.00068102,14.87358665,0.00521702,0.01151573,1.07490146,0.04665980,0.09525070,0.44571984
249,0.00196708,0.00000046,0.00068089,14.86740685,0.00522592,0.01150866,1.07496762,0.04663055,0.09524132,0.44564155
250,0.00196726,0.00000046,0.00068080,14.87042999,0.00523479,0.01150203,1.07503355,0.04660553,0.09523206,0.44556314
251,0.00196633,0.00000046,0.00068072,14.86224270,0.00524363,0.01149599,1.07509911,0.04658634,0.09522296,0.44548485
252,0.00196621,0.00000046,0.00068058,14.86288357,0.00525244,0.01149043,1.07516456,0.04657305,0.09521338,0.44540703
253,0.00196548,0.00000046,0.00068047,14.85696125,0.00526120,0.01148537,1.07522953,0.04656489,0.09520375,0.44532967
254,0.00196549,0.00000046,0.00068036,14.85854721,0.00526989,0.01148048,1.07529390,0.04655937,0.09519359,0.44525301
255,0.00196546,0.00000046,0.00068028,14.85929012,0.00527853,0.01147581,1.07535791,0.04655589,0.09518337,0.44517708
256,0.00196466,0.00000046,0.00068019,14.85247707,0.00528714,0.01147144,1.07542157,0.04655473,0.09517354,0.44510105
257,0.00196463,0.00000046,0.00068010,14.85336781,0.00529571,0.01146732,1.07548487,0.04655419,0.09516469,0.44502482
258,0.00196442,0.00000046,0.00068001,14.85252380,0.00530425,0.01146378,1.07554805,0.04655813,0.09515671,0.44494796
259,0.00196430,0.00000046,0.00067995,14.85202408,0.00531276,0.01146058,1.07561076,0.04656418,0.09514958,0.44487047
260,0.00196364,0.00000046,0.00067989,14.84625816,0.00532123,0.01145807,1.07567322,0.04657601,0.09514330,0.44479200
261,0.00196368,0.00000046,0.00067983,14.84731293,0.00532964,0.01145573,1.07573533,0.04658806,0.09513787,0.44471285
262,0.00196297,0.00000046,0.00067978,14.84086800,0.00533801,0.01145368,1.07579696,0.04660060,0.09513375,0.44463313
263,0.00196283,0.00000046,0.00067975,14.83977413,0.00534631,0.01145135,1.07585800,0.04660762,0.09513071,0.44455379
264,0.00196273,0.00000046,0.00067971,14.83925056,0.00535455,0.01144821,1.07591867,0.04660432,0.09512826,0.44447541
265,0.00196198,0.00000046,0.00067968,14.83221149,0.00536272,0.01144447,1.07597864,0.04659247,0.09512667,0.44439775
266,0.00196209,0.00000046,0.00067963,14.83391476,0.00537081,0.01144022,1.07603800,0.04657249,0.09512627,0.44432035
267,0.00196223,0.00000046,0.00067962,14.83543777,0.00537885,0.01143547,1.07609701,0.04654593,0.09512632,0.44424346
268,0.00196198,0.00000046,0.00067956,14.83373547,0.00538680,0.01143028,1.07615542,0.04651355,0.09512675,0.44416723
269,0.00196169,0.00000046,0.00067954,14.83093834,0.00539473,0.01142502,1.07621348,0.04647888,0.09512779,0.44409126
270,0.00196092,0.00000046,0.00067951,14.82371140,0.00540265,0.01141956,1.07627141,0.04644096,0.09512931,0.44401535
271,0.00196094,0.00000046,0.00067947,14.82432842,0.00541055,0.01141371,1.07632923,0.04639745,0.09513142,0.44393951
272,0.00196109,0.00000046,0.00067944,14.82629776,0.00541845,0.01140771,1.07638705,0.04635061,0.09513435,0.44386309
273,0.00196037,0.00000046,0.00067942,14.81939125,0.00542638,0.01140155,1.07644498,0.04630109,0.09513769,0.44378626
274,0.00196013,0.00000046,0.00067942,14.81696987,0.00543432,0.01139565,1.07650304,0.04625546,0.09514061,0.44370869
275,0.00195985,0.00000046,0.00067939,14.81442261,0.00544227,0.01138982,1.07656109,0.04621115,0.09514317,0.44363075
276,0.00195945,0.00000046,0.00067933,14.81125069,0.00545023,0.01138379,1.07661915,0.04616623,0.09514500,0.44355220
277,0.00195915,0.00000046,0.00067935,14.80807114,0.00545820,0.01137802,1.07667720,0.04612513,0.09514637,0.44347256
278,0.00195882,0.00000046,0.00067932,14.80499268,0.00546617,0.01137288,1.07673526,0.04609264,0.09514702,0.44339192
279,0.00195866,0.00000046,0.00067929,14.80385208,0.00547411,0.01136801,1.07679307,0.04606454,0.09514700,0.44331029
280,0.00195849,0.00000046,0.00067927,14.80241489,0.00548202,0.01136359,1.07685065,0.04604205,0.09514666,0.44322780
281,0.00195835,0.00000046,0.00067924,14.80141449,0.00548989,0.01135943,1.07690787,0.04602326,0.09514586,0.44314525
282,0.00195828,0.00000046,0.00067921,14.80107880,0.00549773,0.01135530,1.07696474,0.04600600,0.09514434,0.44306281
283,0.00195784,0.00000046,0.00067916,14.79729748,0.00550554,0.01135130,1.07702148,0.04599120,0.09514219,0.44298080
284,0.00195780,0.00000046,0.00067913,14.79721165,0.00551331,0.01134752,1.07707787,0.04598032,0.09513920,0.44289932
285,0.00195749,0.00000046,0.00067908,14.79477406,0.00552104,0.01134385,1.07713389,0.04597151,0.09513556,0.44281849
286,0.00195692,0.00000046,0.00067905,14.78946972,0.00552874,0.01134078,1.07718968,0.04597061,0.09513123,0.44273782
287,0.00195673,0.00000046,0.00067904,14.78767300,0.00553645,0.01133887,1.07724547,0.04598171,0.09512728,0.44265574
288,0.00195651,0.00000046,0.00067902,14.78563309,0.00554418,0.01133727,1.07730150,0.04599600,0.09512345,0.44257298
289,0.00195609,0.00000046,0.00067899,14.78181362,0.00555196,0.01133664,1.07735777,0.04602010,0.09512006,0.44248873
290,0.00195584,0.00000046,0.00067897,14.77955532,0.00555977,0.01133615,1.07741416,0.04604644,0.09511638,0.44240385
291,0.00195591,0.00000046,0.00067895,14.78043079,0.00556764,0.01133540,1.07747102,0.04607163,0.09511176,0.44231907
292,0.00195480,0.00000046,0.00067893,14.76950073,0.00557557,0.01133443,1.07752824,0.04609559,0.09510648,0.44223467
293,0.00195547,0.00000046,0.00067891,14.77638340,0.00558355,0.01133271,1.07758570,0.04611153,0.09510098,0.44215095
294,0.00195510,0.00000046,0.00067886,14.77323532,0.00559156,0.01132999,1.07764339,0.04611670,0.09509520,0.44206816
295,0.00195459,0.00000046,0.00067881,14.76877403,0.00559962,0.01132656,1.07770157,0.04611476,0.09508900,0.44198632
296,0.00195486,0.00000046,0.00067875,14.77242279,0.00560772,0.01132221,1.07775998,0.04610344,0.09508224,0.44190568
297,0.00195441,0.00000046,0.00067868,14.76868820,0.00561586,0.01131714,1.07781839,0.04608530,0.09507480,0.44182593
298,0.00195404,0.00000046,0.00067859,14.76625824,0.00562403,0.01131107,1.07787716,0.04605757,0.09506654,0.44174731
299,0.00195376,0.00000046,0.00067849,14.76482105,0.00563221,0.01130421,1.07793593,0.04602320,0.09505714,0.44166961
300,0.00195284,0.00000046,0.00067838,14.75706291,0.00564039,0.01129688,1.07799470,0.04598444,0.09504724,0.44159269
301,0.00195299,0.00000046,0.00067830,14.75956345,0.00564858,0.01128901,1.07805336,0.04594062,0.09503677,0.44151655
302,0.00195323,0.00000046,0.00067817,14.76385212,0.00565676,0.01128083,1.07811213,0.04589494,0.09502536,0.44144145
303,0.00195235,0.00000046,0.00067806,14.75650024,0.00566495,0.01127249,1.07817078,0.04584916,0.09501293,0.44136706
304,0.00195260,0.00000046,0.00067793,14.76082134,0.00567313,0.01126484,1.07822931,0.04581206,0.09499989,0.44129276
305,0.00195175,0.00000046,0.00067780,14.75408649,0.00568130,0.01125773,1.07828784,0.04577998,0.09498721,0.44121832
306,0.00195177,0.00000046,0.00067769,14.75564957,0.00568945,0.01125131,1.07834601,0.04575452,0.09497496,0.44114360
307,0.00195194,0.00000046,0.00067761,14.75848484,0.00569764,0.01124628,1.07840455,0.04574382,0.09496294,0.44106793
308,0.00195112,0.00000046,0.00067750,14.75168800,0.00570581,0.01124220,1.07846284,0.04574317,0.09495109,0.44099179
309,0.00195144,0.00000046,0.00067740,14.75627422,0.00571396,0.01123932,1.07852101,0.04575436,0.09493987,0.44091493
310,0.00195119,0.00000046,0.00067733,14.75452423,0.00572207,0.01123659,1.07857895,0.04576662,0.09492880,0.44083858
311,0.00195078,0.00000046,0.00067727,14.75128174,0.00573014,0.01123390,1.07863641,0.04577849,0.09491805,0.44076249
312,0.00195007,0.00000046,0.00067718,14.74533653,0.00573815,0.01123139,1.07869351,0.04579056,0.09490801,0.44068679
313,0.00195016,0.00000046,0.00067712,14.74695396,0.00574615,0.01122921,1.07875037,0.04580610,0.09489802,0.44061098
314,0.00194988,0.00000046,0.00067706,14.74503994,0.00575418,0.01122762,1.07880759,0.04582739,0.09488819,0.44053546
315,0.00194956,0.00000046,0.00067697,14.74289131,0.00576224,0.01122611,1.07886493,0.04584859,0.09487874,0.44046059
316,0.00194899,0.00000046,0.00067692,14.73785210,0.00577030,0.01122460,1.07892215,0.04586720,0.09487043,0.44038609
317,0.00194943,0.00000046,0.00067686,14.74294567,0.00577833,0.01122286,1.07897913,0.04588130,0.09486299,0.44031197
318,0.00194887,0.00000046,0.00067681,14.73791504,0.00578631,0.01122093,1.07903576,0.04589056,0.09485682,0.44023812
319,0.00194922,0.00000046,0.00067676,14.74200058,0.00579427,0.01121906,1.07909214,0.04589690,0.09485227,0.44016424
320,0.00194874,0.00000046,0.00067673,14.73764896,0.00580219,0.01121709,1.07914829,0.04589896,0.09484925,0.44009045
321,0.00194849,0.00000046,0.00067669,14.73559475,0.00581009,0.01121522,1.07920420,0.04589903,0.09484767,0.44001645
322,0.00194832,0.00000046,0.00067669,14.73389912,0.00581796,0.01121346,1.07925999,0.04589772,0.09484723,0.43994248
323,0.00194770,0.00000046,0.00067666,14.72799301,0.00582586,0.01121122,1.07931578,0.04588957,0.09484745,0.43986943
324,0.00194792,0.00000046,0.00067665,14.73036003,0.00583378,0.01120895,1.07937181,0.04587967,0.09484825,0.43979710
325,0.00194778,0.00000046,0.00067667,14.72846985,0.00584171,0.01120634,1.07942784,0.04586591,0.09484896,0.43972552
326,0.00194751,0.00000046,0.00067664,14.72626591,0.00584966,0.01120350,1.07948387,0.04584786,0.09485035,0.43965474
327,0.00194719,0.00000046,0.00067661,14.72339916,0.00585761,0.01120041,1.07954001,0.04582595,0.09485227,0.43958414
328,0.00194699,0.00000046,0.00067659,14.72147751,0.00586559,0.01119713,1.07959616,0.04579993,0.09485511,0.43951336
329,0.00194711,0.00000046,0.00067661,14.72242260,0.00587357,0.01119376,1.07965255,0.04577014,0.09485919,0.43944281
330,0.00194697,0.00000046,0.00067660,14.72124290,0.00588157,0.01119027,1.07970893,0.04573635,0.09486452,0.43937224
331,0.00194634,0.00000046,0.00067662,14.71453953,0.00588961,0.01118659,1.07976532,0.04569795,0.09487104,0.43930140
332,0.00194614,0.00000046,0.00067665,14.71207905,0.00589765,0.01118349,1.07982194,0.04566385,0.09487857,0.43922991
333,0.00194615,0.00000046,0.00067666,14.71193790,0.00590569,0.01118075,1.07987845,0.04563488,0.09488542,0.43915871
334,0.00194580,0.00000046,0.00067670,14.70794582,0.00591373,0.01117887,1.07993495,0.04561454,0.09489264,0.43908697
335,0.00194568,0.00000046,0.00067671,14.70654774,0.00592175,0.01117796,1.07999122,0.04560394,0.09490025,0.43901479
336,0.00194532,0.00000046,0.00067677,14.70199299,0.00592975,0.01117755,1.08004737,0.04560001,0.09490723,0.43894288
337,0.00194527,0.00000046,0.00067679,14.70116520,0.00593769,0.01117745,1.08010304,0.04559938,0.09491415,0.43887156
338,0.00194537,0.00000046,0.00067683,14.70159435,0.00594563,0.01117759,1.08015859,0.04560300,0.09492011,0.43880102
339,0.00194487,0.00000046,0.00067682,14.69651604,0.00595357,0.01117752,1.08021426,0.04560496,0.09492568,0.43873137
340,0.00194455,0.00000046,0.00067687,14.69268799,0.00596147,0.01117714,1.08026946,0.04560538,0.09493021,0.43866286
341,0.00194461,0.00000046,0.00067687,14.69311810,0.00596933,0.01117669,1.08032453,0.04560658,0.09493385,0.43859494
342,0.00194428,0.00000046,0.00067688,14.68962574,0.00597712,0.01117559,1.08037889,0.04560274,0.09493633,0.43852812
343,0.00194405,0.00000046,0.00067684,14.68784428,0.00598489,0.01117389,1.08043325,0.04559491,0.09493741,0.43846262
344,0.00194407,0.00000046,0.00067681,14.68832111,0.00599266,0.01117241,1.08048749,0.04559155,0.09493744,0.43839729
345,0.00194397,0.00000046,0.00067682,14.68721962,0.00600041,0.01117057,1.08054149,0.04558529,0.09493681,0.43833286
346,0.00194411,0.00000046,0.00067676,14.68927383,0.00600815,0.01116846,1.08059549,0.04557637,0.09493592,0.43826914
347,0.00194377,0.00000046,0.00067675,14.68600082,0.00601591,0.01116634,1.08064950,0.04556708,0.09493514,0.43820584
348,0.00194350,0.00000046,0.00067673,14.68346977,0.00602365,0.01116440,1.08070338,0.04555923,0.09493446,0.43814284
349,0.00194342,0.00000046,0.00067670,14.68304729,0.00603139,0.01116212,1.08075738,0.04554785,0.09493360,0.43808082
350,0.00194286,0.00000046,0.00067666,14.67789173,0.00603912,0.01115986,1.08081114,0.04553593,0.09493301,0.43801937
351,0.00194258,0.00000046,0.00067664,14.67540741,0.00604683,0.01115762,1.08086479,0.04552178,0.09493358,0.43795791
352,0.00194283,0.00000046,0.00067663,14.67802429,0.00605453,0.01115523,1.08091831,0.04550430,0.09493487,0.43789667
353,0.00194269,0.00000046,0.00067662,14.67667294,0.00606222,0.01115333,1.08097160,0.04549043,0.09493697,0.43783516
354,0.00194256,0.00000046,0.00067661,14.67535973,0.00606994,0.01115124,1.08102524,0.04547293,0.09493972,0.43777439
355,0.00194201,0.00000046,0.00067660,14.67006302,0.00607767,0.01114940,1.08107877,0.04545666,0.09494311,0.43771392
356,0.00194221,0.00000046,0.00067660,14.67190647,0.00608546,0.01114777,1.08113277,0.04544134,0.09494710,0.43765390
357,0.00194138,0.00000046,0.00067660,14.66353989,0.00609329,0.01114628,1.08118701,0.04542715,0.09495120,0.43759432
358,0.00194165,0.00000046,0.00067661,14.66604710,0.00610114,0.01114451,1.08124137,0.04540993,0.09495511,0.43753585
359,0.00194190,0.00000046,0.00067659,14.66882896,0.00610900,0.01114260,1.08129573,0.04539164,0.09495872,0.43747827
360,0.00194154,0.00000046,0.00067658,14.66529751,0.00611689,0.01114052,1.08135033,0.04537308,0.09496146,0.43742111
361,0.00194126,0.00000046,0.00067658,14.66239166,0.00612475,0.01113885,1.08140469,0.04535943,0.09496405,0.43736368
362,0.00194166,0.00000046,0.00067656,14.66664886,0.00613256,0.01113733,1.08145857,0.04534793,0.09496628,0.43730655
363,0.00194112,0.00000046,0.00067655,14.66137600,0.00614029,0.01113578,1.08151197,0.04533633,0.09496836,0.43724969
364,0.00194091,0.00000046,0.00067652,14.65954018,0.00614795,0.01113413,1.08156478,0.04532511,0.09496970,0.43719277
365,0.00194024,0.00000046,0.00067650,14.65302372,0.00615551,0.01113243,1.08161700,0.04531420,0.09497061,0.43713620
366,0.00194060,0.00000046,0.00067650,14.65658665,0.00616299,0.01113084,1.08166838,0.04530568,0.09497085,0.43707985
367,0.00194089,0.00000046,0.00067646,14.66000080,0.00617038,0.01112905,1.08171940,0.04529632,0.09497040,0.43702400
368,0.00194028,0.00000046,0.00067645,14.65395355,0.00617766,0.01112726,1.08176947,0.04528790,0.09496938,0.43696865
369,0.00194039,0.00000046,0.00067639,14.65587616,0.00618484,0.01112504,1.08181882,0.04527633,0.09496755,0.43691424
370,0.00194011,0.00000046,0.00067636,14.65339088,0.00619194,0.01112236,1.08186769,0.04525957,0.09496567,0.43686008
371,0.00194005,0.00000046,0.00067631,14.65339088,0.00619896,0.01111912,1.08191597,0.04523625,0.09496392,0.43680629
372,0.00194014,0.00000046,0.00067632,14.65413380,0.00620589,0.01111545,1.08196366,0.04520840,0.09496200,0.43675286
373,0.00193975,0.00000046,0.00067629,14.65060997,0.00621275,0.01111123,1.08201063,0.04517616,0.09495924,0.43669969
374,0.00193960,0.00000046,0.00067623,14.64988327,0.00621952,0.01110613,1.08205712,0.04513530,0.09495585,0.43664679
375,0.00193962,0.00000046,0.00067619,14.65064907,0.00622620,0.01110069,1.08210289,0.04509015,0.09495274,0.43659335
376,0.00193952,0.00000046,0.00067615,14.65017223,0.00623279,0.01109535,1.08214819,0.04504516,0.09495009,0.43653867
377,0.00193982,0.00000046,0.00067611,14.65368843,0.00623927,0.01109117,1.08219254,0.04501060,0.09494866,0.43648192
378,0.00193996,0.00000046,0.00067612,14.65501595,0.00624564,0.01108800,1.08223617,0.04498626,0.09494786,0.43642366
379,0.00193866,0.00000046,0.00067609,14.64225864,0.00625191,0.01108582,1.08227909,0.04497166,0.09494768,0.43636379
380,0.00193925,0.00000046,0.00067606,14.64861774,0.00625809,0.01108466,1.08232141,0.04496667,0.09494845,0.43630210
381,0.00193871,0.00000046,0.00067607,14.64300823,0.00626421,0.01108406,1.08236313,0.04496661,0.09494980,0.43623987
382,0.00193879,0.00000046,0.00067609,14.64340687,0.00627028,0.01108356,1.08240461,0.04496587,0.09495205,0.43617675
383,0.00193861,0.00000046,0.00067611,14.64129734,0.00627633,0.01108351,1.08244598,0.04496818,0.09495526,0.43611211
384,0.00193849,0.00000046,0.00067616,14.63934422,0.00628236,0.01108345,1.08248723,0.04496819,0.09495954,0.43604657
385,0.00193842,0.00000046,0.00067618,14.63836002,0.00628836,0.01108339,1.08252823,0.04496810,0.09496389,0.43598008
386,0.00193845,0.00000046,0.00067623,14.63792992,0.00629434,0.01108344,1.08256900,0.04496846,0.09496864,0.43591249
387,0.00193815,0.00000046,0.00067623,14.63481331,0.00630031,0.01108369,1.08260977,0.04497012,0.09497380,0.43584418
388,0.00193800,0.00000046,0.00067628,14.63264942,0.00630625,0.01108359,1.08265018,0.04496859,0.09497858,0.43577608
389,0.00193771,0.00000046,0.00067633,14.62895393,0.00631218,0.01108324,1.08269060,0.04496586,0.09498256,0.43570858
390,0.00193783,0.00000046,0.00067634,14.62995338,0.00631811,0.01108255,1.08273101,0.04496134,0.09498545,0.43564197
391,0.00193736,0.00000046,0.00067633,14.62536049,0.00632403,0.01108114,1.08277130,0.04495146,0.09498691,0.43557724
392,0.00193753,0.00000046,0.00067635,14.62679768,0.00632994,0.01107926,1.08281159,0.04493850,0.09498724,0.43551433
393,0.00193723,0.00000046,0.00067633,14.62408638,0.00633586,0.01107727,1.08285177,0.04492611,0.09498655,0.43545222
394,0.00193694,0.00000046,0.00067635,14.62089920,0.00634180,0.01107515,1.08289230,0.04491351,0.09498522,0.43539125
395,0.00193654,0.00000046,0.00067630,14.61751652,0.00634772,0.01107293,1.08293247,0.04490058,0.09498341,0.43533134
396,0.00193721,0.00000046,0.00067628,14.62439919,0.00635367,0.01107103,1.08297288,0.04489158,0.09498132,0.43527216
397,0.00193672,0.00000046,0.00067625,14.61974335,0.00635962,0.01106899,1.08301330,0.04488309,0.09497819,0.43521395
398,0.00193742,0.00000046,0.00067624,14.62691498,0.00636557,0.01106707,1.08305371,0.04487775,0.09497408,0.43515649
399,0.00193662,0.00000046,0.00067620,14.61943817,0.00637153,0.01106505,1.08309412,0.04487196,0.09496958,0.43509999
400,0.00193682,0.00000046,0.00067615,14.62211800,0.00637748,0.01106318,1.08313453,0.04486890,0.09496453,0.43504408
401,0.00193623,0.00000046,0.00067610,14.61674309,0.00638344,0.01106101,1.08317482,0.04486388,0.09495868,0.43498906
402,0.00193580,0.00000046,0.00067605,14.61315727,0.00638939,0.01105865,1.08321524,0.04485841,0.09495204,0.43493494
403,0.00193607,0.00000046,0.00067601,14.61639118,0.00639531,0.01105585,1.08325529,0.04484888,0.09494488,0.43488184
404,0.00193621,0.00000046,0.00067596,14.61843014,0.00640120,0.01105272,1.08329523,0.04483614,0.09493738,0.43482965
405,0.00193580,0.00000046,0.00067589,14.61522770,0.00640704,0.01104953,1.08333468,0.04482209,0.09493013,0.43477806
406,0.00193592,0.00000046,0.00067581,14.61745358,0.00641283,0.01104545,1.08337390,0.04479805,0.09492283,0.43472782
407,0.00193560,0.00000046,0.00067575,14.61507130,0.00641856,0.01104061,1.08341265,0.04476670,0.09491487,0.43467870
408,0.00193533,0.00000046,0.00067568,14.61339951,0.00642422,0.01103551,1.08345091,0.04473220,0.09490695,0.43463036
409,0.00193550,0.00000046,0.00067561,14.61591434,0.00642986,0.01102989,1.08348894,0.04469302,0.09489835,0.43458292
410,0.00193567,0.00000046,0.00067555,14.61844635,0.00643547,0.01102487,1.08352697,0.04466198,0.09488910,0.43453547
411,0.00193543,0.00000046,0.00067546,14.61721897,0.00644104,0.01102058,1.08356452,0.04463934,0.09487972,0.43448797
412,0.00193569,0.00000046,0.00067540,14.62063313,0.00644655,0.01101686,1.08360183,0.04462378,0.09486997,0.43444058
413,0.00193541,0.00000046,0.00067534,14.61859417,0.00645201,0.01101388,1.08363855,0.04461580,0.09486052,0.43439299
414,0.00193541,0.00000046,0.00067526,14.61970425,0.00645739,0.01101117,1.08367491,0.04461109,0.09485090,0.43434572
415,0.00193539,0.00000046,0.00067520,14.62031364,0.00646272,0.01100880,1.08371079,0.04461000,0.09484135,0.43429878
416,0.00193511,0.00000046,0.00067513,14.61839104,0.00646796,0.01100666,1.08374619,0.04461085,0.09483202,0.43425262
417,0.00193524,0.00000046,0.00067509,14.62021923,0.00647313,0.01100541,1.08378088,0.04462052,0.09482324,0.43420604
418,0.00193502,0.00000046,0.00067500,14.61911011,0.00647824,0.01100445,1.08381534,0.04463338,0.09481446,0.43415973
419,0.00193545,0.00000046,0.00067496,14.62400818,0.00648334,0.01100360,1.08384967,0.04464603,0.09480639,0.43411309
420,0.00193424,0.00000046,0.00067491,14.61253166,0.00648840,0.01100253,1.08388364,0.04465453,0.09479900,0.43406692
421,0.00193483,0.00000046,0.00067483,14.61940670,0.00649346,0.01100191,1.08391774,0.04466505,0.09479304,0.43402022
422,0.00193469,0.00000046,0.00067481,14.61830521,0.00649851,0.01100189,1.08395171,0.04467862,0.09478884,0.43397287
423,0.00193476,0.00000046,0.00067478,14.61936760,0.00650354,0.01100187,1.08398557,0.04468897,0.09478608,0.43392578
424,0.00193445,0.00000046,0.00067481,14.61581326,0.00650860,0.01100260,1.08401954,0.04470390,0.09478519,0.43387815
425,0.00193500,0.00000046,0.00067480,14.62135983,0.00651367,0.01100396,1.08405352,0.04472286,0.09478565,0.43382999
426,0.00193432,0.00000046,0.00067483,14.61403179,0.00651872,0.01100518,1.08408749,0.04473747,0.09478746,0.43378186
427,0.00193453,0.00000046,0.00067482,14.61621952,0.00652379,0.01100652,1.08412147,0.04475068,0.09479047,0.43373367
428,0.00193442,0.00000046,0.00067484,14.61473465,0.00652893,0.01100819,1.08415604,0.04476506,0.09479470,0.43368551
429,0.00193400,0.00000046,0.00067487,14.61000824,0.00653413,0.01101015,1.08419085,0.04478130,0.09479948,0.43363750
430,0.00193425,0.00000046,0.00067491,14.61204720,0.00653935,0.01101154,1.08422589,0.04479121,0.09480423,0.43359050
431,0.00193378,0.00000046,0.00067493,14.60686016,0.00654458,0.01101280,1.08426094,0.04479920,0.09480914,0.43354407
432,0.00193446,0.00000046,0.00067498,14.61312580,0.00654986,0.01101392,1.08429635,0.04480588,0.09481386,0.43349871
433,0.00193392,0.00000046,0.00067500,14.60722733,0.00655514,0.01101449,1.08433163,0.04480560,0.09481888,0.43345460
434,0.00193406,0.00000046,0.00067501,14.60855579,0.00656045,0.01101488,1.08436728,0.04480278,0.09482409,0.43341073
435,0.00193400,0.00000046,0.00067506,14.60728931,0.00656582,0.01101515,1.08440316,0.04479874,0.09482926,0.43336695
436,0.00193372,0.00000046,0.00067508,14.60405540,0.00657124,0.01101545,1.08443952,0.04479544,0.09483424,0.43332335
437,0.00193411,0.00000046,0.00067510,14.60767269,0.00657667,0.01101482,1.08447576,0.04478240,0.09483878,0.43328124
438,0.00193346,0.00000046,0.00067512,14.60078239,0.00658211,0.01101383,1.08451211,0.04476691,0.09484259,0.43323952
439,0.00193330,0.00000046,0.00067511,14.59940720,0.00658764,0.01101246,1.08454907,0.04474971,0.09484507,0.43319950
440,0.00193359,0.00000046,0.00067513,14.60199261,0.00659323,0.01101071,1.08458638,0.04473168,0.09484591,0.43316120
441,0.00193308,0.00000046,0.00067513,14.59674263,0.00659887,0.01100959,1.08462405,0.04472186,0.09484611,0.43312299
442,0.00193293,0.00000046,0.00067510,14.59571934,0.00660454,0.01100843,1.08466196,0.04471321,0.09484553,0.43308532
443,0.00193371,0.00000046,0.00067507,14.60373497,0.00661024,0.01100778,1.08469999,0.04471171,0.09484424,0.43304801
444,0.00193317,0.00000046,0.00067502,14.59896183,0.00661593,0.01100712,1.08473790,0.04471144,0.09484232,0.43301100
445,0.00193345,0.00000046,0.00067501,14.60194588,0.00662158,0.01100632,1.08477557,0.04471137,0.09483951,0.43297470
446,0.00193297,0.00000046,0.00067496,14.59777451,0.00662719,0.01100568,1.08481300,0.04471396,0.09483626,0.43293801
447,0.00193318,0.00000046,0.00067493,14.60018063,0.00663279,0.01100530,1.08485019,0.04472045,0.09483259,0.43290073
448,0.00193278,0.00000046,0.00067489,14.59666443,0.00663833,0.01100528,1.08488715,0.04473247,0.09482819,0.43286306
449,0.00193289,0.00000046,0.00067484,14.59839153,0.00664383,0.01100622,1.08492374,0.04475511,0.09482390,0.43282363
450,0.00193305,0.00000046,0.00067481,14.60041523,0.00664928,0.01100723,1.08495998,0.04477971,0.09481903,0.43278345
451,0.00193294,0.00000046,0.00067478,14.59949303,0.00665471,0.01100963,1.08499610,0.04481953,0.09481438,0.43274158
452,0.00193258,0.00000046,0.00067474,14.59636784,0.00666005,0.01101218,1.08503163,0.04486036,0.09480998,0.43269965
453,0.00193269,0.00000046,0.00067474,14.59738350,0.00666533,0.01101468,1.08506668,0.04489939,0.09480615,0.43265745
454,0.00193279,0.00000046,0.00067471,14.59876633,0.00667048,0.01101678,1.08510101,0.04493082,0.09480377,0.43261495
455,0.00193260,0.00000046,0.00067469,14.59699249,0.00667554,0.01101898,1.08513451,0.04496069,0.09480267,0.43257168
456,0.00193256,0.00000046,0.00067472,14.59622765,0.00668049,0.01102094,1.08516741,0.04498354,0.09480359,0.43252739
457,0.00193244,0.00000046,0.00067476,14.59428978,0.00668541,0.01102329,1.08520007,0.04500531,0.09480716,0.43248171
458,0.00193267,0.00000046,0.00067477,14.59637547,0.00669024,0.01102529,1.08523214,0.04502079,0.09481186,0.43243530
459,0.00193244,0.00000046,0.00067481,14.59353161,0.00669501,0.01102680,1.08526385,0.04502767,0.09481803,0.43238878
460,0.00193257,0.00000046,0.00067486,14.59410191,0.00669971,0.01102755,1.08529496,0.04502456,0.09482490,0.43234304
461,0.00193256,0.00000046,0.00067493,14.59310246,0.00670433,0.01102756,1.08532560,0.04501322,0.09483169,0.43229833
462,0.00193186,0.00000046,0.00067496,14.58566475,0.00670891,0.01102649,1.08535588,0.04498967,0.09483852,0.43225467
463,0.00193269,0.00000046,0.00067502,14.59311771,0.00671344,0.01102415,1.08538592,0.04495272,0.09484498,0.43221256
464,0.00193201,0.00000046,0.00067504,14.58595371,0.00671796,0.01102142,1.08541584,0.04491255,0.09485083,0.43217111
465,0.00193168,0.00000046,0.00067506,14.58249283,0.00672247,0.01101856,1.08544564,0.04487288,0.09485573,0.43213031
466,0.00193194,0.00000046,0.00067510,14.58444595,0.00672695,0.01101647,1.08547533,0.04484353,0.09485972,0.43208972
467,0.00193200,0.00000046,0.00067512,14.58469582,0.00673139,0.01101490,1.08550477,0.04482188,0.09486280,0.43204910
468,0.00193168,0.00000046,0.00067513,14.58128929,0.00673579,0.01101383,1.08553386,0.04480755,0.09486504,0.43200853
469,0.00193251,0.00000046,0.00067513,14.58959484,0.00674015,0.01101353,1.08556271,0.04480340,0.09486653,0.43196791
470,0.00193151,0.00000046,0.00067512,14.57968807,0.00674450,0.01101341,1.08559144,0.04480365,0.09486688,0.43192768
471,0.00193235,0.00000046,0.00067512,14.58811760,0.00674883,0.01101361,1.08562005,0.04480790,0.09486696,0.43188769
472,0.00193167,0.00000046,0.00067510,14.58146954,0.00675313,0.01101371,1.08564842,0.04481377,0.09486572,0.43184853
473,0.00193175,0.00000046,0.00067511,14.58211040,0.00675740,0.01101361,1.08567667,0.04481863,0.09486391,0.43181008
474,0.00193220,0.00000046,0.00067509,14.58684444,0.00676165,0.01101334,1.08570468,0.04482250,0.09486155,0.43177244
475,0.00193173,0.00000046,0.00067505,14.58258629,0.00676588,0.01101200,1.08573258,0.04481573,0.09485859,0.43173638
476,0.00193159,0.00000046,0.00067506,14.58103180,0.00677006,0.01100995,1.08576024,0.04480241,0.09485497,0.43170145
477,0.00193171,0.00000046,0.00067500,14.58303165,0.00677419,0.01100718,1.08578742,0.04478146,0.09485102,0.43166769
478,0.00193091,0.00000046,0.00067498,14.57541466,0.00677828,0.01100368,1.08581436,0.04475363,0.09484651,0.43163514
479,0.00193161,0.00000046,0.00067493,14.58302402,0.00678232,0.01100001,1.08584106,0.04472376,0.09484196,0.43160328
480,0.00193165,0.00000046,0.00067493,14.58335209,0.00678631,0.01099672,1.08586740,0.04469791,0.09483751,0.43157211
481,0.00193173,0.00000046,0.00067487,14.58503151,0.00679029,0.01099418,1.08589363,0.04468160,0.09483253,0.43154097
482,0.00193116,0.00000046,0.00067482,14.57993793,0.00679423,0.01099297,1.08591950,0.04467894,0.09482809,0.43150964
483,0.00193110,0.00000046,0.00067479,14.57980537,0.00679814,0.01099254,1.08594537,0.04468586,0.09482326,0.43147889
484,0.00193115,0.00000046,0.00067478,14.58029747,0.00680200,0.01099241,1.08597064,0.04469525,0.09481878,0.43144900
485,0.00193104,0.00000046,0.00067474,14.57972717,0.00680579,0.01099194,1.08599567,0.04470133,0.09481408,0.43141994
486,0.00193121,0.00000046,0.00067471,14.58190727,0.00680952,0.01099120,1.08602023,0.04470468,0.09480919,0.43139189
487,0.00193135,0.00000046,0.00067466,14.58385181,0.00681319,0.01099013,1.08604431,0.04470305,0.09480485,0.43136495
488,0.00193101,0.00000046,0.00067465,14.58053970,0.00681679,0.01098885,1.08606803,0.04469943,0.09480034,0.43133906
489,0.00193144,0.00000046,0.00067459,14.58558655,0.00682031,0.01098697,1.08609116,0.04468790,0.09479634,0.43131426
490,0.00193094,0.00000046,0.00067458,14.58078194,0.00682375,0.01098520,1.08611381,0.04467602,0.09479310,0.43128985
491,0.00193099,0.00000045,0.00067452,14.58213329,0.00682712,0.01098289,1.08613598,0.04465987,0.09478901,0.43126661
492,0.00193064,0.00000045,0.00067449,14.57892227,0.00683044,0.01098065,1.08615780,0.04464400,0.09478509,0.43124428
493,0.00193123,0.00000045,0.00067445,14.58536816,0.00683372,0.01097871,1.08617938,0.04463240,0.09478074,0.43122238
494,0.00193116,0.00000045,0.00067446,14.58462524,0.00683692,0.01097716,1.08620036,0.04462377,0.09477700,0.43120086
495,0.00193071,0.00000045,0.00067440,14.58083630,0.00684004,0.01097610,1.08622086,0.04462198,0.09477268,0.43117952
496,0.00193080,0.00000045,0.00067436,14.58230495,0.00684309,0.01097546,1.08624089,0.04462648,0.09476759,0.43115854
497,0.00193136,0.00000045,0.00067431,14.58852386,0.00684610,0.01097517,1.08626068,0.04463611,0.09476186,0.43113789
498,0.00193085,0.00000045,0.00067427,14.58389950,0.00684910,0.01097466,1.08628035,0.04464394,0.09475584,0.43111852
499,0.00193110,0.00000045,0.00067426,14.58657837,0.00685210,0.01097407,1.08630002,0.04465112,0.09474970,0.43109962
500,0.00193140,0.00000045,0.00067420,14.59025860,0.00685507,0.01097302,1.08631957,0.04465308,0.09474355,0.43108144
501,0.00193098,0.00000045,0.00067416,14.58675098,0.00685799,0.01097159,1.08633864,0.04465033,0.09473763,0.43106380
502,0.00193091,0.00000045,0.00067410,14.58672714,0.00686088,0.01096977,1.08635759,0.04464279,0.09473186,0.43104708
503,0.00193120,0.00000045,0.00067404,14.59039116,0.00686374,0.01096770,1.08637631,0.04463362,0.09472549,0.43103150
504,0.00193116,0.00000045,0.00067400,14.59061050,0.00686657,0.01096543,1.08639491,0.04462166,0.09471939,0.43101668
505,0.00193083,0.00000045,0.00067395,14.58794594,0.00686938,0.01096328,1.08641338,0.04461129,0.09471320,0.43100184
506,0.00193149,0.00000045,0.00067391,14.59506321,0.00687217,0.01096158,1.08643162,0.04460433,0.09470776,0.43098688
507,0.00192998,0.00000045,0.00067387,14.58052444,0.00687493,0.01096036,1.08644974,0.04460132,0.09470299,0.43097168
508,0.00193090,0.00000045,0.00067382,14.59027386,0.00687763,0.01095971,1.08646739,0.04460383,0.09469864,0.43095675
509,0.00193108,0.00000045,0.00067380,14.59236813,0.00688030,0.01095905,1.08648491,0.04460689,0.09469392,0.43094212
510,0.00193073,0.00000045,0.00067376,14.58933640,0.00688294,0.01095902,1.08650219,0.04461737,0.09468909,0.43092701
511,0.00193078,0.00000045,0.00067374,14.59016514,0.00688554,0.01095891,1.08651912,0.04462690,0.09468425,0.43091181
512,0.00193074,0.00000045,0.00067371,14.59013367,0.00688806,0.01095859,1.08653569,0.04463385,0.09467950,0.43089682
513,0.00193090,0.00000045,0.00067369,14.59198475,0.00689057,0.01095774,1.08655214,0.04463628,0.09467411,0.43088236
514,0.00193094,0.00000045,0.00067362,14.59333706,0.00689304,0.01095673,1.08656824,0.04463898,0.09466770,0.43086797
515,0.00193076,0.00000045,0.00067354,14.59266472,0.00689546,0.01095536,1.08658409,0.04463883,0.09466075,0.43085355
516,0.00193121,0.00000045,0.00067352,14.59742260,0.00689783,0.01095401,1.08659959,0.04463840,0.09465409,0.43083817
517,0.00193060,0.00000045,0.00067345,14.59214115,0.00690014,0.01095198,1.08661473,0.04463089,0.09464710,0.43082276
518,0.00193062,0.00000045,0.00067341,14.59288311,0.00690244,0.01094974,1.08662975,0.04462186,0.09463976,0.43080705
519,0.00193048,0.00000045,0.00067335,14.59230518,0.00690472,0.01094733,1.08664465,0.04461229,0.09463181,0.43079159
520,0.00193075,0.00000045,0.00067333,14.59525108,0.00690695,0.01094454,1.08665919,0.04459795,0.09462401,0.43077627
521,0.00193080,0.00000045,0.00067324,14.59701633,0.00690914,0.01094166,1.08667362,0.04458226,0.09461644,0.43076059
522,0.00193077,0.00000045,0.00067318,14.59746170,0.00691133,0.01093902,1.08668792,0.04457061,0.09460821,0.43074462
523,0.00193102,0.00000045,0.00067314,14.60056305,0.00691353,0.01093648,1.08670223,0.04456168,0.09459921,0.43072769
524,0.00193066,0.00000045,0.00067306,14.59811783,0.00691573,0.01093327,1.08671665,0.04454795,0.09458892,0.43071079
525,0.00193087,0.00000045,0.00067298,14.60129738,0.00691790,0.01092894,1.08673084,0.04452365,0.09457774,0.43069419
526,0.00193089,0.00000045,0.00067289,14.60276604,0.00692005,0.01092398,1.08674479,0.04449284,0.09456619,0.43067765
527,0.00193054,0.00000045,0.00067283,14.60009480,0.00692219,0.01091856,1.08675885,0.04445815,0.09455410,0.43066081
528,0.00193055,0.00000045,0.00067271,14.60172749,0.00692433,0.01091342,1.08677280,0.04442781,0.09454142,0.43064353
529,0.00193036,0.00000045,0.00067263,14.60097694,0.00692648,0.01090813,1.08678687,0.04439635,0.09452841,0.43062657
530,0.00193076,0.00000045,0.00067252,14.60647678,0.00692864,0.01090308,1.08680093,0.04436567,0.09451633,0.43060908
531,0.00193096,0.00000045,0.00067247,14.60922718,0.00693086,0.01089905,1.08681536,0.04434483,0.09450505,0.43059042
532,0.00193082,0.00000045,0.00067238,14.60903931,0.00693314,0.01089613,1.08683026,0.04433580,0.09449408,0.43057042
533,0.00193057,0.00000045,0.00067232,14.60730553,0.00693545,0.01089488,1.08684540,0.04434138,0.09448507,0.43054858
534,0.00192993,0.00000045,0.00067228,14.60142994,0.00693781,0.01089468,1.08686078,0.04435614,0.09447738,0.43052518
535,0.00193082,0.00000045,0.00067221,14.61127377,0.00694021,0.01089460,1.08687651,0.04437227,0.09446970,0.43050116
536,0.00193035,0.00000045,0.00067220,14.60664940,0.00694267,0.01089452,1.08689249,0.04438865,0.09446185,0.43047661
537,0.00193035,0.00000045,0.00067211,14.60782909,0.00694516,0.01089459,1.08690870,0.04440621,0.09445422,0.43045145
538,0.00193062,0.00000045,0.00067209,14.61081314,0.00694766,0.01089423,1.08692503,0.04442026,0.09444600,0.43042696
539,0.00193020,0.00000045,0.00067202,14.60753155,0.00695015,0.01089354,1.08694136,0.04443187,0.09443714,0.43040279
540,0.00193042,0.00000045,0.00067193,14.61083698,0.00695263,0.01089234,1.08695745,0.04443813,0.09442805,0.43037933
541,0.00193045,0.00000045,0.00067191,14.61139107,0.00695509,0.01089051,1.08697343,0.04443641,0.09441943,0.43035650
542,0.00192984,0.00000045,0.00067184,14.60636044,0.00695755,0.01088863,1.08698940,0.04443418,0.09441072,0.43033382
543,0.00193065,0.00000045,0.00067178,14.61529732,0.00696000,0.01088625,1.08700538,0.04442699,0.09440174,0.43031198
544,0.00193040,0.00000045,0.00067174,14.61324310,0.00696243,0.01088319,1.08702135,0.04441266,0.09439246,0.43029106
545,0.00193006,0.00000045,0.00067169,14.61058617,0.00696488,0.01087959,1.08703721,0.04439136,0.09438358,0.43027106
546,0.00193044,0.00000045,0.00067162,14.61534405,0.00696734,0.01087525,1.08705318,0.04435952,0.09437573,0.43025163
547,0.00192997,0.00000045,0.00067157,14.61132145,0.00696982,0.01087053,1.08706939,0.04432190,0.09436860,0.43023252
548,0.00193095,0.00000045,0.00067152,14.62181282,0.00697235,0.01086685,1.08708596,0.04429366,0.09436249,0.43021274
549,0.00193008,0.00000045,0.00067148,14.61357880,0.00697488,0.01086450,1.08710241,0.04427638,0.09435835,0.43019196
550,0.00192960,0.00000045,0.00067147,14.60891438,0.00697742,0.01086375,1.08711886,0.04427361,0.09435586,0.43016988
551,0.00193041,0.00000045,0.00067145,14.61728191,0.00697996,0.01086430,1.08713543,0.04428378,0.09435415,0.43014675
552,0.00193007,0.00000045,0.00067147,14.61351585,0.00698250,0.01086562,1.08715189,0.04429928,0.09435408,0.43012309
553,0.00193061,0.00000045,0.00067149,14.61864090,0.00698502,0.01086731,1.08716834,0.04431714,0.09435482,0.43009955
554,0.00193023,0.00000045,0.00067149,14.61489868,0.00698756,0.01086865,1.08718491,0.04433023,0.09435591,0.43007681
555,0.00193046,0.00000045,0.00067148,14.61719608,0.00699008,0.01086944,1.08720124,0.04433632,0.09435739,0.43005481
556,0.00193013,0.00000045,0.00067152,14.61336803,0.00699257,0.01086937,1.08721745,0.04433179,0.09435932,0.43003416
557,0.00192982,0.00000045,0.00067151,14.61033630,0.00699502,0.01086855,1.08723330,0.04431859,0.09436126,0.43001482
558,0.00193006,0.00000045,0.00067153,14.61254787,0.00699744,0.01086725,1.08724904,0.04429965,0.09436340,0.42999628
559,0.00193030,0.00000045,0.00067152,14.61507893,0.00699981,0.01086529,1.08726454,0.04427299,0.09436563,0.42997891
560,0.00193004,0.00000045,0.00067153,14.61226654,0.00700217,0.01086360,1.08727992,0.04425054,0.09436733,0.42996162
561,0.00193007,0.00000045,0.00067156,14.61223507,0.00700451,0.01086244,1.08729506,0.04423502,0.09436855,0.42994457
562,0.00193011,0.00000045,0.00067158,14.61232090,0.00700684,0.01086090,1.08731019,0.04421607,0.09436937,0.42992792
563,0.00192987,0.00000045,0.00067155,14.61027431,0.00700917,0.01085924,1.08732522,0.04419586,0.09437010,0.42991099
564,0.00193059,0.00000045,0.00067156,14.61732101,0.00701151,0.01085836,1.08734035,0.04418455,0.09437082,0.42989287
565,0.00193060,0.00000045,0.00067156,14.61734486,0.00701385,0.01085771,1.08735573,0.04417744,0.09437084,0.42987442
566,0.00193001,0.00000045,0.00067155,14.61168003,0.00701622,0.01085713,1.08737099,0.04417207,0.09437035,0.42985523
567,0.00193016,0.00000045,0.00067154,14.61324310,0.00701860,0.01085735,1.08738649,0.04417528,0.09437012,0.42983490
568,0.00193025,0.00000045,0.00067157,14.61367226,0.00702100,0.01085818,1.08740211,0.04418379,0.09437059,0.42981353
569,0.00192982,0.00000045,0.00067158,14.60926628,0.00702339,0.01085871,1.08741748,0.04418840,0.09437136,0.42979211
570,0.00193024,0.00000045,0.00067157,14.61350060,0.00702578,0.01085901,1.08743310,0.04418979,0.09437236,0.42977032
571,0.00192956,0.00000045,0.00067156,14.60681343,0.00702816,0.01085914,1.08744848,0.04419032,0.09437287,0.42974856
572,0.00193045,0.00000045,0.00067158,14.61550045,0.00703055,0.01085856,1.08746409,0.04418360,0.09437303,0.42972735
573,0.00192985,0.00000045,0.00067157,14.60958672,0.00703294,0.01085780,1.08747947,0.04417486,0.09437315,0.42970592
574,0.00192989,0.00000045,0.00067158,14.60981274,0.00703535,0.01085760,1.08749509,0.04417140,0.09437382,0.42968354
575,0.00193031,0.00000045,0.00067159,14.61390686,0.00703775,0.01085705,1.08751070,0.04416381,0.09437448,0.42966151
576,0.00192989,0.00000045,0.00067162,14.60918045,0.00704016,0.01085623,1.08752632,0.04415419,0.09437469,0.42963940
577,0.00193032,0.00000045,0.00067162,14.61348534,0.00704256,0.01085604,1.08754182,0.04415056,0.09437546,0.42961618
578,0.00193020,0.00000045,0.00067161,14.61246967,0.00704494,0.01085600,1.08755732,0.04414778,0.09437661,0.42959264
579,0.00193014,0.00000045,0.00067162,14.61165714,0.00704732,0.01085647,1.08757269,0.04415043,0.09437791,0.42956901
580,0.00192992,0.00000045,0.00067163,14.60929012,0.00704967,0.01085659,1.08758783,0.04414941,0.09437902,0.42954564
581,0.00192987,0.00000045,0.00067162,14.60893059,0.00705200,0.01085675,1.08760309,0.04415033,0.09437948,0.42952248
582,0.00193014,0.00000045,0.00067163,14.61147690,0.00705431,0.01085647,1.08761799,0.04414702,0.09437957,0.42949995
583,0.00192932,0.00000045,0.00067165,14.60300064,0.00705658,0.01085580,1.08763266,0.04413985,0.09437938,0.42947820
584,0.00193004,0.00000045,0.00067166,14.61001587,0.00705882,0.01085526,1.08764720,0.04413515,0.09437872,0.42945668
585,0.00192993,0.00000045,0.00067162,14.60943794,0.00706103,0.01085440,1.08766150,0.04412744,0.09437781,0.42943594
586,0.00192993,0.00000045,0.00067163,14.60933685,0.00706324,0.01085297,1.08767581,0.04411305,0.09437697,0.42941511
587,0.00192955,0.00000045,0.00067161,14.60579014,0.00706543,0.01085081,1.08769000,0.04409052,0.09437604,0.42939460
588,0.00192962,0.00000045,0.00067161,14.60646915,0.00706761,0.01084808,1.08770406,0.04406236,0.09437469,0.42937383
589,0.00192989,0.00000045,0.00067158,14.60955524,0.00706980,0.01084543,1.08771825,0.04403634,0.09437282,0.42935261
590,0.00193016,0.00000045,0.00067158,14.61223507,0.00707200,0.01084189,1.08773243,0.04400245,0.09436987,0.42933217
591,0.00192975,0.00000045,0.00067156,14.60852432,0.00707419,0.01083749,1.08774662,0.04396196,0.09436540,0.42931226
592,0.00192965,0.00000045,0.00067151,14.60820389,0.00707636,0.01083311,1.08776057,0.04392134,0.09436107,0.42929178
593,0.00192983,0.00000045,0.00067148,14.61048508,0.00707848,0.01082868,1.08777440,0.04388007,0.09435676,0.42927122
594,0.00192943,0.00000045,0.00067146,14.60665703,0.00708059,0.01082343,1.08778799,0.04382847,0.09435289,0.42925045
595,0.00192980,0.00000045,0.00067146,14.61050034,0.00708269,0.01081846,1.08780158,0.04377830,0.09434978,0.42922860
596,0.00192983,0.00000045,0.00067146,14.61086750,0.00708480,0.01081518,1.08781517,0.04374637,0.09434716,0.42920446
597,0.00192981,0.00000045,0.00067143,14.61096191,0.00708689,0.01081475,1.08782864,0.04374526,0.09434538,0.42917773
598,0.00192918,0.00000045,0.00067145,14.60436821,0.00708896,0.01081622,1.08784211,0.04376470,0.09434406,0.42914939
599,0.00192948,0.00000045,0.00067142,14.60767269,0.00709103,0.01081850,1.08785546,0.04379399,0.09434249,0.42912066
600,0.00192944,0.00000045,0.00067140,14.60749245,0.00709310,0.01082063,1.08786881,0.04382199,0.09434066,0.42909265
601,0.00192984,0.00000045,0.00067142,14.61118031,0.00709518,0.01082218,1.08788228,0.04384166,0.09433964,0.42906561
602,0.00192965,0.00000045,0.00067141,14.60935974,0.00709727,0.01082210,1.08789575,0.04384232,0.09433883,0.42904001
603,0.00192948,0.00000045,0.00067142,14.60756302,0.00709939,0.01082133,1.08790946,0.04383452,0.09433828,0.42901567
604,0.00192926,0.00000045,0.00067139,14.60585213,0.00710156,0.01081973,1.08792341,0.04381738,0.09433765,0.42899239
605,0.00192971,0.00000045,0.00067140,14.61017227,0.00710376,0.01081753,1.08793771,0.04379474,0.09433640,0.42897058
606,0.00192936,0.00000045,0.00067139,14.60678959,0.00710600,0.01081514,1.08795214,0.04376996,0.09433510,0.42894980
607,0.00192966,0.00000045,0.00067138,14.60993004,0.00710825,0.01081283,1.08796656,0.04374582,0.09433398,0.42892969
608,0.00192916,0.00000045,0.00067139,14.60483646,0.00711045,0.01081121,1.08798087,0.04372786,0.09433360,0.42890999
609,0.00192914,0.00000045,0.00067138,14.60464096,0.00711264,0.01081028,1.08799481,0.04371858,0.09433290,0.42889038
610,0.00192958,0.00000045,0.00067137,14.60918045,0.00711475,0.01080993,1.08800852,0.04371673,0.09433176,0.42887086
611,0.00192985,0.00000045,0.00067137,14.61192226,0.00711680,0.01081027,1.08802176,0.04372240,0.09433082,0.42885146
612,0.00192958,0.00000045,0.00067138,14.60907078,0.00711883,0.01081111,1.08803487,0.04373420,0.09432969,0.42883244
613,0.00192963,0.00000045,0.00067138,14.60958672,0.00712085,0.01081216,1.08804786,0.04374874,0.09432838,0.42881393
614,0.00192887,0.00000045,0.00067134,14.60242271,0.00712289,0.01081336,1.08806098,0.04376573,0.09432675,0.42879561
615,0.00192931,0.00000045,0.00067134,14.60678959,0.00712492,0.01081447,1.08807409,0.04378113,0.09432541,0.42877784
616,0.00192927,0.00000045,0.00067131,14.60671902,0.00712696,0.01081510,1.08808720,0.04379120,0.09432393,0.42876095
617,0.00192975,0.00000045,0.00067133,14.61128998,0.00712898,0.01081459,1.08810031,0.04378834,0.09432245,0.42874509
618,0.00192953,0.00000045,0.00067130,14.60953999,0.00713101,0.01081331,1.08811331,0.04377736,0.09432063,0.42873073
619,0.00192955,0.00000045,0.00067132,14.60945415,0.00713305,0.01081139,1.08812654,0.04375816,0.09431929,0.42871717
620,0.00192949,0.00000045,0.00067130,14.60916519,0.00713506,0.01080948,1.08813941,0.04373770,0.09431854,0.42870373
621,0.00192972,0.00000045,0.00067129,14.61146164,0.00713706,0.01080760,1.08815229,0.04371705,0.09431808,0.42869082
622,0.00192999,0.00000045,0.00067129,14.61424255,0.00713903,0.01080603,1.08816493,0.04369998,0.09431756,0.42867789
623,0.00192918,0.00000045,0.00067126,14.60640717,0.00714097,0.01080507,1.08817744,0.04369174,0.09431616,0.42866462
624,0.00192943,0.00000045,0.00067127,14.60880566,0.00714286,0.01080487,1.08818960,0.04369252,0.09431467,0.42865121
625,0.00192935,0.00000045,0.00067126,14.60809422,0.00714472,0.01080530,1.08820164,0.04370089,0.09431292,0.42863777
626,0.00192924,0.00000045,0.00067123,14.60739899,0.00714658,0.01080589,1.08821356,0.04371162,0.09431099,0.42862466
627,0.00192987,0.00000045,0.00067121,14.61397743,0.00714842,0.01080651,1.08822548,0.04372197,0.09430935,0.42861193
628,0.00192966,0.00000045,0.00067121,14.61181355,0.00715023,0.01080719,1.08823705,0.04373349,0.09430750,0.42859945
629,0.00192942,0.00000045,0.00067120,14.60948467,0.00715203,0.01080748,1.08824873,0.04374031,0.09430579,0.42858708
630,0.00192934,0.00000045,0.00067117,14.60909462,0.00715378,0.01080795,1.08825994,0.04374887,0.09430417,0.42857435
631,0.00192953,0.00000045,0.00067119,14.61072731,0.00715546,0.01080820,1.08827066,0.04375377,0.09430313,0.42856154
632,0.00193016,0.00000045,0.00067119,14.61700821,0.00715711,0.01080766,1.08828127,0.04374932,0.09430221,0.42854932
633,0.00192976,0.00000045,0.00067115,14.61353970,0.00715870,0.01080678,1.08829153,0.04374147,0.09430109,0.42853725
634,0.00192915,0.00000045,0.00067117,14.60728931,0.00716024,0.01080616,1.08830142,0.04373574,0.09430036,0.42852494
635,0.00192929,0.00000045,0.00067116,14.60871124,0.00716173,0.01080556,1.08831108,0.04372887,0.09430023,0.42851225
636,0.00192976,0.00000045,0.00067117,14.61333656,0.00716319,0.01080504,1.08832049,0.04372191,0.09430058,0.42849925
637,0.00192941,0.00000045,0.00067117,14.60986042,0.00716461,0.01080438,1.08832967,0.04371362,0.09430080,0.42848668
638,0.00192905,0.00000045,0.00067116,14.60633659,0.00716598,0.01080357,1.08833838,0.04370372,0.09430099,0.42847466
639,0.00192974,0.00000045,0.00067118,14.61287594,0.00716728,0.01080303,1.08834684,0.04369600,0.09430155,0.42846265
640,0.00192915,0.00000045,0.00067120,14.60670376,0.00716855,0.01080285,1.08835483,0.04369365,0.09430158,0.42845050
641,0.00192898,0.00000045,0.00067119,14.60521126,0.00716979,0.01080274,1.08836293,0.04369244,0.09430145,0.42843857
642,0.00192915,0.00000045,0.00067120,14.60670376,0.00717099,0.01080285,1.08837056,0.04369381,0.09430128,0.42842710
643,0.00192907,0.00000045,0.00067119,14.60606289,0.00717218,0.01080349,1.08837819,0.04370108,0.09430118,0.42841566
644,0.00192899,0.00000045,0.00067119,14.60515690,0.00717332,0.01080382,1.08838558,0.04370471,0.09430113,0.42840409
645,0.00192939,0.00000045,0.00067120,14.60907841,0.00717444,0.01080392,1.08839273,0.04370753,0.09430020,0.42839301
646,0.00192910,0.00000045,0.00067113,14.60707092,0.00717551,0.01080350,1.08839953,0.04370504,0.09429904,0.42838222
647,0.00192938,0.00000045,0.00067115,14.60962582,0.00717656,0.01080350,1.08840644,0.04370744,0.09429778,0.42837110
648,0.00192949,0.00000045,0.00067116,14.61053944,0.00717762,0.01080367,1.08841312,0.04371165,0.09429660,0.42835978
649,0.00192913,0.00000045,0.00067114,14.60728168,0.00717868,0.01080348,1.08842003,0.04371284,0.09429494,0.42834857
650,0.00192910,0.00000045,0.00067113,14.60699272,0.00717976,0.01080340,1.08842695,0.04371555,0.09429312,0.42833731
651,0.00192934,0.00000045,0.00067114,14.60931301,0.00718083,0.01080343,1.08843386,0.04371991,0.09429115,0.42832565
652,0.00192952,0.00000045,0.00067112,14.61142254,0.00718189,0.01080309,1.08844066,0.04372006,0.09428913,0.42831469
653,0.00192908,0.00000045,0.00067111,14.60705566,0.00718294,0.01080226,1.08844745,0.04371443,0.09428719,0.42830420
654,0.00192931,0.00000045,0.00067109,14.60973549,0.00718404,0.01080156,1.08845448,0.04371132,0.09428483,0.42829332
655,0.00192942,0.00000045,0.00067108,14.61089134,0.00718513,0.01080059,1.08846140,0.04370360,0.09428311,0.42828241
656,0.00193012,0.00000045,0.00067106,14.61815739,0.00718622,0.01079984,1.08846843,0.04369800,0.09428158,0.42827120
657,0.00192930,0.00000045,0.00067106,14.61003208,0.00718733,0.01079912,1.08847547,0.04369238,0.09428024,0.42825973
658,0.00192981,0.00000045,0.00067106,14.61507893,0.00718843,0.01079864,1.08848262,0.04368899,0.09427914,0.42824811
659,0.00192885,0.00000045,0.00067105,14.60560989,0.00718954,0.01079826,1.08848977,0.04368699,0.09427791,0.42823625
660,0.00192896,0.00000045,0.00067105,14.60664177,0.00719068,0.01079795,1.08849704,0.04368623,0.09427647,0.42822462
661,0.00192947,0.00000045,0.00067105,14.61178970,0.00719184,0.01079809,1.08850455,0.04369028,0.09427518,0.42821273
662,0.00192937,0.00000045,0.00067100,14.61135197,0.00719302,0.01079854,1.08851206,0.04369648,0.09427454,0.42820048
663,0.00192909,0.00000045,0.00067102,14.60832119,0.00719420,0.01079908,1.08851969,0.04370349,0.09427398,0.42818847
664,0.00192958,0.00000045,0.00067104,14.61289120,0.00719538,0.01079958,1.08852720,0.04371084,0.09427310,0.42817640
665,0.00192926,0.00000045,0.00067102,14.61008644,0.00719654,0.01079988,1.08853471,0.04371631,0.09427196,0.42816406
666,0.00192872,0.00000045,0.00067104,14.60433674,0.00719769,0.01080035,1.08854198,0.04372288,0.09427124,0.42815146
667,0.00192923,0.00000045,0.00067101,14.60982132,0.00719888,0.01080015,1.08854973,0.04372175,0.09427051,0.42813924
668,0.00192923,0.00000045,0.00067100,14.60996151,0.00720010,0.01079910,1.08855748,0.04371239,0.09426915,0.42812741
669,0.00192933,0.00000045,0.00067100,14.61099243,0.00720132,0.01079729,1.08856535,0.04369451,0.09426767,0.42811665
670,0.00192967,0.00000045,0.00067097,14.61475086,0.00720257,0.01079563,1.08857334,0.04367875,0.09426603,0.42810532
671,0.00192901,0.00000045,0.00067097,14.60810184,0.00720383,0.01079424,1.08858144,0.04366589,0.09426445,0.42809361
672,0.00192914,0.00000045,0.00067097,14.60950851,0.00720509,0.01079326,1.08858955,0.04365792,0.09426281,0.42808181
673,0.00192970,0.00000045,0.00067099,14.61484432,0.00720631,0.01079261,1.08859730,0.04365263,0.09426161,0.42807004
674,0.00192946,0.00000045,0.00067094,14.61296940,0.00720750,0.01079263,1.08860493,0.04365475,0.09426057,0.42805761
675,0.00192991,0.00000045,0.00067097,14.61708641,0.00720870,0.01079319,1.08861256,0.04366343,0.09425932,0.42804492
676,0.00192921,0.00000045,0.00067095,14.61034489,0.00720993,0.01079456,1.08862042,0.04368236,0.09425765,0.42803133
677,0.00192929,0.00000045,0.00067093,14.61138344,0.00721117,0.01079595,1.08862853,0.04370121,0.09425606,0.42801768
678,0.00192913,0.00000045,0.00067094,14.60958672,0.00721242,0.01079733,1.08863652,0.04371957,0.09425467,0.42800340
679,0.00192915,0.00000045,0.00067091,14.61026669,0.00721373,0.01079872,1.08864486,0.04373804,0.09425324,0.42798889
680,0.00192985,0.00000045,0.00067094,14.61680508,0.00721508,0.01079948,1.08865345,0.04374793,0.09425244,0.42797393
681,0.00192942,0.00000045,0.00067093,14.61260986,0.00721644,0.01079981,1.08866227,0.04375135,0.09425237,0.42795885
682,0.00192937,0.00000045,0.00067092,14.61232090,0.00721785,0.01079968,1.08867121,0.04374970,0.09425224,0.42794392
683,0.00192918,0.00000045,0.00067091,14.61043835,0.00721929,0.01079906,1.08868051,0.04374328,0.09425171,0.42792943
684,0.00192933,0.00000045,0.00067092,14.61180496,0.00722076,0.01079833,1.08868992,0.04373410,0.09425188,0.42791501
685,0.00192884,0.00000045,0.00067093,14.60677433,0.00722223,0.01079683,1.08869922,0.04371544,0.09425235,0.42790082
686,0.00192935,0.00000045,0.00067096,14.61148548,0.00722370,0.01079477,1.08870876,0.04368887,0.09425348,0.42788738
687,0.00192926,0.00000045,0.00067095,14.61061764,0.00722518,0.01079288,1.08871830,0.04366246,0.09425551,0.42787376
688,0.00192923,0.00000045,0.00067096,14.61025810,0.00722664,0.01079208,1.08872747,0.04364618,0.09425855,0.42785925
689,0.00192926,0.00000045,0.00067100,14.61001587,0.00722809,0.01079216,1.08873689,0.04364109,0.09426108,0.42784363
690,0.00192962,0.00000045,0.00067100,14.61356354,0.00722953,0.01079320,1.08874607,0.04364857,0.09426288,0.42782769
691,0.00192945,0.00000045,0.00067103,14.61146164,0.00723097,0.01079527,1.08875537,0.04366832,0.09426440,0.42781112
692,0.00192906,0.00000045,0.00067103,14.60757065,0.00723237,0.01079733,1.08876431,0.04368759,0.09426615,0.42779490
693,0.00192960,0.00000045,0.00067104,14.61273479,0.00723376,0.01079862,1.08877313,0.04369957,0.09426715,0.42777961
694,0.00192955,0.00000045,0.00067106,14.61203957,0.00723514,0.01079919,1.08878195,0.04370507,0.09426740,0.42776495
695,0.00192923,0.00000045,0.00067106,14.60884476,0.00723650,0.01079911,1.08879066,0.04370354,0.09426744,0.42775112
696,0.00192931,0.00000045,0.00067106,14.60949326,0.00723787,0.01079851,1.08879936,0.04369567,0.09426764,0.42773777
697,0.00192936,0.00000045,0.00067108,14.60978985,0.00723923,0.01079763,1.08880818,0.04368607,0.09426722,0.42772487
698,0.00192936,0.00000045,0.00067106,14.61007118,0.00724059,0.01079574,1.08881688,0.04366538,0.09426655,0.42771336
699,0.00192904,0.00000045,0.00067102,14.60733700,0.00724195,0.01079440,1.08882558,0.04365187,0.09426553,0.42770174
700,0.00192892,0.00000045,0.00067105,14.60571194,0.00724333,0.01079353,1.08883440,0.04364500,0.09426386,0.42769071
701,0.00192897,0.00000045,0.00067101,14.60677433,0.00724472,0.01079381,1.08884335,0.04365093,0.09426236,0.42767882
702,0.00192916,0.00000045,0.00067104,14.60837555,0.00724606,0.01079374,1.08885181,0.04365236,0.09426113,0.42766795
703,0.00192909,0.00000045,0.00067100,14.60819626,0.00724747,0.01079389,1.08886087,0.04365943,0.09425846,0.42765731
704,0.00192897,0.00000045,0.00067099,14.60708618,0.00724888,0.01079458,1.08886993,0.04367168,0.09425626,0.42764720
705,0.00192932,0.00000045,0.00067096,14.61090660,0.00725026,0.01079437,1.08887875,0.04367385,0.09425399,0.42763835
706,0.00192929,0.00000045,0.00067095,14.61074257,0.00725166,0.01079419,1.08888769,0.04367767,0.09425111,0.42762977
707,0.00192951,0.00000045,0.00067093,14.61314869,0.00725303,0.01079346,1.08889639,0.04367553,0.09424808,0.42762172
708,0.00192906,0.00000045,0.00067091,14.60903931,0.00725438,0.01079163,1.08890510,0.04366091,0.09424502,0.42761505
709,0.00192884,0.00000045,0.00067088,14.60719585,0.00725572,0.01078956,1.08891356,0.04364451,0.09424150,0.42760879
710,0.00192920,0.00000045,0.00067085,14.61121178,0.00725704,0.01078793,1.08892202,0.04363232,0.09423839,0.42760256
711,0.00192920,0.00000045,0.00067084,14.61135197,0.00725832,0.01078704,1.08893025,0.04362758,0.09423572,0.42759594
712,0.00192912,0.00000045,0.00067082,14.61075878,0.00725961,0.01078694,1.08893836,0.04363304,0.09423251,0.42758888
713,0.00192942,0.00000045,0.00067081,14.61397743,0.00726086,0.01078719,1.08894646,0.04364219,0.09422945,0.42758164
714,0.00192896,0.00000045,0.00067076,14.60996914,0.00726209,0.01078771,1.08895433,0.04365396,0.09422667,0.42757428
