frame_idx,num_active,sum_weight,visibility_mean,mask_gate_mean,reproj_mean_px,reproj_p50_px,reproj_p90_px
0,4254,4254.0,1.0,1.0,0.7071064114570618,0.7071067690849304,0.7071283459663391
1,4254,4254.0,1.0,1.0,0.394294410943985,0.33435165882110596,0.6790080070495605
2,4254,4254.0,1.0,1.0,0.5533505082130432,0.44702765345573425,0.9996565580368042
3,4252,4252.0,0.9995298385620117,1.0,0.7224293351173401,0.5684653520584106,1.3214255571365356
4,4243,4243.0,0.997414231300354,1.0,0.8451301455497742,0.6299422383308411,1.6247320175170898
5,4243,4243.0,0.997414231300354,1.0,0.9151816368103027,0.659246027469635,1.7460827827453613
6,4229,4229.0,0.9941231608390808,1.0,1.11812162399292,0.8052268028259277,2.119462251663208
7,4224,4224.0,0.9929478168487549,1.0,1.2636157274246216,0.8857802152633667,2.4383320808410645
8,4224,4224.0,0.9929478168487549,1.0,1.4320672750473022,0.9881417751312256,2.828486204147339
9,4224,4224.0,0.9929478168487549,1.0,1.5045148134231567,1.067164421081543,3.1241559982299805
10,4225,4225.0,0.993182897567749,1.0,1.6668943166732788,1.1737732887268066,3.6315464973449707
11,4220,4220.0,0.9922426342964172,0.9997649192810059,1.6817054748535156,1.1383293867111206,3.730745315551758
12,4219,4219.0,0.9922426342964172,0.9995298385620117,1.5752975940704346,1.0565381050109863,3.4593632221221924
13,4213,4213.0,0.9920075535774231,0.9983544945716858,1.589378833770752,1.0604732036590576,3.346557378768921
14,4206,4206.0,0.9905970692634583,0.9981194138526917,1.7002769708633423,1.147308349609375,3.566521167755127
15,4205,4205.0,0.9896568059921265,0.9981194138526917,1.701352834701538,1.1810222864151,3.528897285461426
16,4204,4204.0,0.988951563835144,0.997414231300354,1.6976587772369385,1.1625864505767822,3.574899196624756
17,4193,4193.0,0.9866008758544922,0.9967089891433716,1.8418697118759155,1.2696932554244995,4.014353275299072
18,4193,4193.0,0.9866008758544922,0.9964739084243774,2.0776591300964355,1.426550030708313,4.562757968902588
19,4187,4187.0,0.9844852089881897,0.9955336451530457,2.051011085510254,1.4382224082946777,4.39601993560791
20,4175,4175.0,0.9818993806838989,0.9952985644340515,2.11020827293396,1.519598364830017,4.4959211349487305
21,4167,4167.0,0.9797837734222412,0.9950634837150574,2.036665439605713,1.4800643920898438,4.3781538009643555
22,4148,4148.0,0.9767277836799622,0.9927127361297607,2.0563385486602783,1.5439133644104004,4.360065460205078
23,4130,4130.0,0.9753173589706421,0.9858956336975098,2.0864474773406982,1.568233609199524,4.402585983276367
24,4117,4117.0,0.972496509552002,0.9842501282691956,2.113546848297119,1.5715055465698242,4.4650187492370605
25,4101,4101.0,0.9675599336624146,0.9851903915405273,2.191751003265381,1.6107218265533447,4.697073459625244
26,4085,4085.0,0.9621532559394836,0.9755524396896362,2.2281346321105957,1.5847673416137695,4.902100086212158
27,4064,4064.0,0.9574518203735352,0.9818993806838989,2.193220376968384,1.520005702972412,4.880290508270264
28,4062,4062.0,0.9565115571022034,0.9793136119842529,2.2315664291381836,1.5311778783798218,4.900546073913574
29,4056,4056.0,0.954630970954895,0.9814292788505554,2.337188243865967,1.6106194257736206,5.147505760192871
30,4062,4062.0,0.9565115571022034,0.9823695421218872,2.4918909072875977,1.6900124549865723,5.501889705657959
31,4058,4058.0,0.9555712342262268,0.9814292788505554,2.5831611156463623,1.757308840751648,5.73184061050415
32,4039,4039.0,0.9513399004936218,0.9779031872749329,2.581463098526001,1.7479008436203003,5.786543846130371
33,4055,4055.0,0.9551010727882385,0.9776681065559387,2.6948723793029785,1.7734183073043823,6.277211666107178
34,4051,4051.0,0.9539257287979126,0.9776681065559387,2.7188847064971924,1.7077540159225464,6.535972595214844
35,4060,4060.0,0.9553361535072327,0.9828397035598755,2.8370072841644287,1.7010407447814941,6.955686092376709
36,4052,4052.0,0.9532204866409302,0.9851903915405273,2.901844024658203,1.7459415197372437,7.052884578704834
37,4049,4049.0,0.9527503848075867,0.9811941981315613,2.9231183528900146,1.7682292461395264,7.0799360275268555
38,4024,4024.0,0.9464033842086792,0.9802538752555847,2.9077019691467285,1.8118054866790771,7.022035598754883
39,4015,4015.0,0.9445227980613708,0.9814292788505554,2.9510862827301025,1.881700873374939,7.039712429046631
40,4004,4004.0,0.9419370293617249,0.9823695421218872,2.9807090759277344,1.940664529800415,7.095409870147705
41,3997,3997.0,0.9402915239334106,0.9790785312652588,3.015390157699585,2.022860288619995,6.933411121368408
42,3931,3931.0,0.9257169961929321,0.9652092456817627,2.9441564083099365,2.081230401992798,6.739656925201416
43,3915,3915.0,0.9205453991889954,0.9687353372573853,2.955618381500244,2.093073606491089,6.8104023933410645
44,3875,3875.0,0.9111424684524536,0.9642689228057861,2.9180426597595215,2.134171485900879,6.612407684326172
45,3841,3841.0,0.9031499624252319,0.957216739654541,2.837869644165039,2.1823019981384277,6.275224208831787
46,3812,3812.0,0.8970381021499634,0.9508697986602783,2.7810494899749756,2.1990909576416016,5.988848686218262
47,3818,3818.0,0.8979783654212952,0.9518100619316101,2.889681339263916,2.2444653511047363,6.5162153244018555
48,3821,3821.0,0.9010343551635742,0.9480488896369934,2.9069042205810547,2.2115323543548584,6.756657600402832
49,3835,3835.0,0.9047955274581909,0.9464033842086792,2.89235520362854,2.1609578132629395,6.769014835357666
50,3838,3838.0,0.9040902853012085,0.9539257287979126,2.8589820861816406,2.0329627990722656,6.977244853973389
51,3850,3850.0,0.9057357907295227,0.9560413956642151,2.851912498474121,1.9142489433288574,7.328584671020508
52,3857,3857.0,0.907616376876831,0.9569816589355469,2.806535482406616,1.7358039617538452,7.634434700012207
53,3894,3894.0,0.9160789847373962,0.9645040035247803,2.859328269958496,1.5086922645568848,8.331300735473633
54,3901,3901.0,0.9181946516036987,0.9586271643638611,2.913015604019165,1.4435570240020752,8.805010795593262
55,3936,3936.0,0.9259520769119263,0.964033842086792,2.992684841156006,1.4215731620788574,9.129495620727539
56,3954,3954.0,0.9301833510398865,0.9659144282341003,3.0120689868927,1.2625322341918945,9.477888107299805
57,4004,4004.0,0.9424071311950684,0.9699106812477112,3.236316680908203,1.2986156940460205,9.894349098205566
58,4053,4053.0,0.9529854655265808,0.980724036693573,3.393483877182007,1.3552172183990479,10.47906494140625
59,4059,4059.0,0.9543958902359009,0.9847202897071838,3.5087051391601562,1.3910415172576904,10.865259170532227
60,4083,4083.0,0.9602726697921753,0.9882463812828064,3.6794064044952393,1.4693293571472168,11.15104866027832
61,4097,4097.0,0.9635637402534485,0.9910672307014465,3.7016959190368652,1.4421433210372925,11.229948043823242
62,4103,4103.0,0.9649741649627686,0.991772472858429,3.7418835163116455,1.4385676383972168,11.27586555480957
63,4123,4123.0,0.969675600528717,0.9913023114204407,3.894951820373535,1.5336215496063232,11.635623931884766
64,4129,4129.0,0.9710860252380371,0.9915373921394348,3.8810665607452393,1.5234280824661255,11.679759979248047
65,4118,4118.0,0.9685002565383911,0.9910672307014465,3.9017372131347656,1.5519237518310547,11.789963722229004
66,4103,4103.0,0.9654443264007568,0.9898918867111206,3.958718776702881,1.5644872188568115,12.046957969665527
67,4075,4075.0,0.9586271643638611,0.9905970692634583,3.946946620941162,1.6068845987319946,12.445794105529785
68,4067,4067.0,0.9567465782165527,0.988951563835144,4.054710865020752,1.697003722190857,12.58657169342041
69,4065,4065.0,0.9567465782165527,0.9873060584068298,4.221585750579834,1.7490631341934204,12.797861099243164
70,4053,4053.0,0.9536906480789185,0.9856605529785156,4.3090291023254395,1.906097650527954,12.676563262939453
71,4057,4057.0,0.9543958902359009,0.9842501282691956,4.499088287353516,2.159919261932373,12.517683982849121
72,3982,3982.0,0.9367654323577881,0.9809591174125671,4.443330764770508,2.337207317352295,12.603489875793457
73,3946,3946.0,0.9278326630592346,0.9804889559745789,4.359821796417236,2.337113380432129,12.065942764282227
74,3877,3877.0,0.9116126298904419,0.9771979451179504,3.9904472827911377,2.23232102394104,10.920384407043457
75,3877,3877.0,0.9113775491714478,0.9790785312652588,3.993220090866089,2.1694107055664062,11.089585304260254
76,3888,3888.0,0.9141983985900879,0.9769628643989563,3.982928514480591,2.0166053771972656,11.414977073669434
77,3909,3909.0,0.9196050763130188,0.9748471975326538,3.886420488357544,1.8429043292999268,11.379344940185547
78,3915,3915.0,0.9221909046173096,0.9748471975326538,3.780029296875,1.711880087852478,10.897818565368652
79,3940,3940.0,0.9268923401832581,0.9734367728233337,3.823554277420044,1.6959166526794434,11.179158210754395
80,3945,3945.0,0.9275975823402405,0.9790785312652588,3.897451162338257,1.738840937614441,11.691088676452637
