iter,total,track_reproj_weight,track_reproj_raw,track_reproj_scaled,object_cd2d_weight,object_cd2d_raw,object_cd2d_scaled,object_part_cd2d_weight,object_part_cd2d_raw,object_part_cd2d_scaled,object_smooth_trans_weight,object_smooth_trans_raw,object_smooth_trans_scaled,object_smooth_rot_weight,object_smooth_rot_raw,object_smooth_rot_scaled,object_scale_weight,object_scale_raw,object_scale_scaled,intersect_weight,intersect_raw,intersect_scaled,nocontact_weight,nocontact_raw,nocontact_scaled,contact_drift_weight,contact_drift_raw,contact_drift_scaled
20,116.08245086669922,1.0,1.1125239133834839,1.1125239133834839,0.0001,47.293216705322266,0.00472932169213891,0.0001,947.2355346679688,0.09472355246543884,1000.0,4.1075702029047534e-05,0.041075702756643295,1000.0,1.3758346995018655e-06,0.0013758346904069185,1.0,0.0,0.0,0.2,0.005305762868374586,0.0010611525503918529,1000.0,0.11482646316289902,114.82646179199219,29.8,1.660039743001107e-05,0.0004946918343193829
40,104.5460433959961,1.0,2.9070193767547607,2.9070193767547607,0.0001,44.92231750488281,0.004492231644690037,0.0001,925.6788940429688,0.09256788343191147,1000.0,9.474899707129225e-05,0.09474899619817734,1000.0,1.2024752322759014e-06,0.0012024752795696259,1.0,0.0,0.0,0.4,0.005068866070359945,0.0020275465212762356,1000.0,0.10144299268722534,101.4429931640625,49.6,2.0016472262796015e-05,0.0009928169893100858
60,95.29261016845703,1.0,5.131650447845459,5.131650447845459,0.0001,42.89759826660156,0.004289759788662195,0.0001,912.1456909179688,0.09121456742286682,1000.0,0.00014766679669264704,0.147666797041893,1000.0,1.2440763157428592e-06,0.001244076294824481,1.0,0.0,0.0,0.6,0.004696927964687347,0.0028181569650769234,1000.0,0.08991208672523499,89.9120864868164,69.4,2.3656106350244954e-05,0.00164173380471766
80,87.62643432617188,1.0,7.190218448638916,7.190218448638916,0.0001,41.292144775390625,0.004129214212298393,0.0001,902.63720703125,0.0902637168765068,1000.0,0.0001910815481096506,0.19108155369758606,1000.0,1.4693596313009039e-06,0.0014693596167489886,1.0,0.0,0.0,0.8,0.003926469944417477,0.0031411759555339813,1000.0,0.0801437720656395,80.14376831054688,89.2,2.653777482919395e-05,0.002367169363424182
100,81.22003936767578,1.0,9.017624855041504,9.017624855041504,0.0001,40.039100646972656,0.004003909882158041,0.0001,896.0811767578125,0.08960811793804169,1000.0,0.00022550983703695238,0.22550983726978302,1000.0,1.7542889736432699e-06,0.0017542890273034573,1.0,0.0,0.0,1.0,0.003566115628927946,0.003566115628927946,1000.0,0.07187488675117493,71.87488555908203,109.0,2.8367237973725423e-05,0.0030920288991183043
120,75.92871856689453,1.0,10.418473243713379,10.418473243713379,0.0001,39.045188903808594,0.0039045189041644335,0.0001,891.902099609375,0.08919020742177963,1000.0,0.0002515029045753181,0.2515029013156891,1000.0,2.0402060272317613e-06,0.0020402059890329838,1.0,0.0,0.0,1.2,0.003254225244745612,0.0039050704799592495,1000.0,0.06515596807003021,65.15596771240234,128.8,2.9007031116634607e-05,0.0037361057475209236
140,71.50511169433594,1.0,11.119876861572266,11.119876861572266,0.0001,38.349525451660156,0.0038349523674696684,0.0001,890.2108764648438,0.08902108669281006,1000.0,0.0002688793174456805,0.26887932419776917,1000.0,2.3070824681781232e-06,0.002307082526385784,1.0,0.0,0.0,1.4,0.0031529064290225506,0.004414069000631571,1000.0,0.06001248210668564,60.012481689453125,148.6,2.8878237571916543e-05,0.004291306249797344
160,67.60427856445312,1.0,10.951092720031738,10.951092720031738,0.0001,37.95428466796875,0.0037954284343868494,0.0001,891.0886840820312,0.08910886943340302,1000.0,0.00027580917230807245,0.2758091688156128,1000.0,2.600599373181467e-06,0.0026005993131548166,1.0,0.0,0.0,1.6,0.0035568270832300186,0.005690923426300287,1000.0,0.05627138540148735,56.271385192871094,168.4,2.844931441359222e-05,0.004790864419192076
180,63.966766357421875,1.0,9.998880386352539,9.998880386352539,0.0001,37.85425567626953,0.003785425564274192,0.0001,894.40966796875,0.0894409641623497,1000.0,0.00027206388767808676,0.27206388115882874,1000.0,2.8429894882719964e-06,0.002842989517375827,1.0,0.0,0.0,1.8,0.003357082838192582,0.0060427491553127766,1000.0,0.05358850210905075,53.5885009765625,188.2,2.7678175683831796e-05,0.005209032446146011
200,60.498390197753906,1.0,8.55040168762207,8.55040168762207,0.0001,38.01801300048828,0.0038018012419342995,0.0001,899.9095458984375,0.08999095112085342,1000.0,0.00026117294328287244,0.26117295026779175,1000.0,3.0830792638880666e-06,0.003083079354837537,1.0,0.0,0.0,2.0,0.0032651848159730434,0.006530369631946087,1000.0,0.051577866077423096,51.57786560058594,208.0,2.6642130251275375e-05,0.005541563034057617
220,57.224727630615234,1.0,6.9925713539123535,6.9925713539123535,0.0001,38.40406036376953,0.003840405959635973,0.0001,907.4464111328125,0.09074463695287704,1000.0,0.0002458445669617504,0.24584457278251648,1000.0,3.283946853116504e-06,0.0032839467748999596,1.0,0.0,0.0,2.2,0.003194269957020879,0.007027394138276577,1000.0,0.04987558349967003,49.87558364868164,227.8,2.5584522518329322e-05,0.005828154273331165
240,54.2046012878418,1.0,5.709339141845703,5.709339141845703,0.0001,38.89209747314453,0.0038892095908522606,0.0001,915.4851684570312,0.09154851734638214,1000.0,0.00022888169041834772,0.22888168692588806,1000.0,3.4441170555510325e-06,0.0034441170282661915,1.0,0.0,0.0,2.4,0.0031674092169851065,0.007601782213896513,1000.0,0.04815374314785004,48.153743743896484,247.6,2.485828554199543e-05,0.00615491159260273
260,51.42668914794922,1.0,4.91247034072876,4.91247034072876,0.0001,39.27098083496094,0.003927098121494055,0.0001,922.05712890625,0.092205710709095,1000.0,0.0002133753732778132,0.21337537467479706,1000.0,3.516409378789831e-06,0.0035164093133062124,1.0,0.0,0.0,2.6,0.0032500317320227623,0.008450082503259182,1000.0,0.046186164021492004,46.18616485595703,267.4,2.459871757309884e-05,0.006577697116881609
280,48.84973907470703,1.0,4.521546363830566,4.521546363830566,0.0001,39.521156311035156,0.003952115308493376,0.0001,925.7444458007812,0.09257443994283676,1000.0,0.0001998550578719005,0.19985505938529968,1000.0,3.581577175282291e-06,0.0035815772134810686,1.0,0.0,0.0,2.8,0.0035016080364584923,0.009804502129554749,1000.0,0.044011376798152924,44.011375427246094,287.2,2.4542845494579524e-05,0.007048705592751503
300,46.42176818847656,1.0,4.189615249633789,4.189615249633789,0.0001,39.74793243408203,0.003974793013185263,0.0001,928.4243774414062,0.09284243732690811,1000.0,0.0001870534906629473,0.18705348670482635,1000.0,3.4988572679139907e-06,0.0034988573752343655,1.0,0.0,0.0,3.0,0.0035372853744775057,0.01061185635626316,1000.0,0.041926752775907516,41.926753997802734,307.0,2.416051211184822e-05,0.007417277432978153
320,44.07874298095703,1.0,3.9355521202087402,3.9355521202087402,0.0001,39.98927688598633,0.0039989277720451355,0.0001,929.8980712890625,0.09298980236053467,1000.0,0.0001745283225318417,0.1745283156633377,1000.0,3.3286009966104757e-06,0.003328600898385048,1.0,0.0,0.0,3.2,0.0035660546272993088,0.011411375366151333,1000.0,0.03984913229942322,39.8491325378418,326.8,2.3867669369792566e-05,0.007799954153597355
340,41.82976150512695,1.0,3.6746363639831543,3.6746363639831543,0.0001,40.2196159362793,0.004021961707621813,0.0001,931.64501953125,0.09316449612379074,1000.0,0.00016082418733276427,0.16082419455051422,1000.0,3.307077122371993e-06,0.0033070771023631096,1.0,0.0,0.0,3.4,0.00401052413508296,0.013635782524943352,1000.0,0.037872131913900375,37.87213134765625,346.6,2.3199934730655514e-05,0.008041097782552242
360,39.7115592956543,1.0,3.3244118690490723,3.3244118690490723,0.0001,40.62023162841797,0.004062023013830185,0.0001,934.1687622070312,0.09341687709093094,1000.0,0.00014669411757495254,0.1466941237449646,1000.0,3.1701388252258766e-06,0.0031701389234513044,1.0,0.0,0.0,3.6,0.004065583925694227,0.014636102132499218,1000.0,0.036117106676101685,36.11710739135742,366.4,2.2000662283971906e-05,0.008061042986810207
380,37.73786926269531,1.0,2.99029803276062,2.99029803276062,0.0001,41.053035736083984,0.0041053034365177155,0.0001,936.882568359375,0.09368825703859329,1000.0,0.00013513446901924908,0.1351344734430313,1000.0,3.020598342118319e-06,0.0030205983202904463,1.0,0.0,0.0,3.8,0.004401437472552061,0.016725461930036545,1000.0,0.03448661416769028,34.48661422729492,386.2,2.1447161998366937e-05,0.008282894268631935
400,35.9241943359375,1.0,2.6676955223083496,2.6676955223083496,0.0001,41.55731201171875,0.0041557312943041325,0.0001,939.4088134765625,0.09394087642431259,1000.0,0.00012169000547146425,0.12169000506401062,1000.0,2.917915026046103e-06,0.002917915116995573,1.0,0.0,0.0,4.0,0.0047563533298671246,0.019025413319468498,1000.0,0.033006444573402405,33.00644302368164,406.0,2.051362389465794e-05,0.008328530937433243
420,34.30424880981445,1.0,2.3098881244659424,2.3098881244659424,0.0001,42.13559341430664,0.004213559441268444,0.0001,942.7685546875,0.09427685290575027,1000.0,0.0001086643896996975,0.10866439342498779,1000.0,2.8161966838524677e-06,0.0028161967638880014,1.0,0.0,0.0,4.2,0.004442135337740183,0.01865696720778942,1000.0,0.031757257878780365,31.75725746154785,425.8,1.9906143279513344e-05,0.008476035669445992
440,32.88611602783203,1.0,2.0020883083343506,2.0020883083343506,0.0001,42.753082275390625,0.0042753079906105995,0.0001,945.7120361328125,0.09457120299339294,1000.0,9.59547032834962e-05,0.09595470130443573,1000.0,2.6743496164272074e-06,0.002674349583685398,1.0,0.0,0.0,4.4,0.004281419329345226,0.018838245421648026,1000.0,0.03065912052989006,30.659120559692383,445.6,1.9281671484350227e-05,0.008591912686824799
460,31.653661727905273,1.0,1.7368900775909424,1.7368900775909424,0.0001,43.36980438232422,0.0043369801715016365,0.0001,948.2332763671875,0.09482332319021225,1000.0,8.370787691092119e-05,0.08370787650346756,1000.0,2.5878662199829705e-06,0.002587866270914674,1.0,0.0,0.0,4.6,0.0041707223281264305,0.019185321405529976,1000.0,0.029703393578529358,29.703393936157227,465.4,1.876872920547612e-05,0.00873496662825346
480,30.58660316467285,1.0,1.499164342880249,1.499164342880249,0.0001,43.976829528808594,0.004397682845592499,0.0001,951.0221557617188,0.0951022133231163,1000.0,7.221089617814869e-05,0.072210893034935,1000.0,2.388668917774339e-06,0.0023886689450591803,1.0,0.0,0.0,4.8,0.003993696067482233,0.019169742241501808,1000.0,0.028885237872600555,28.885238647460938,485.2,1.8404436559649184e-05,0.008929832838475704
500,29.67524528503418,1.0,1.3028866052627563,1.3028866052627563,0.0001,44.55796813964844,0.004455796908587217,0.0001,952.827880859375,0.09528278559446335,1000.0,6.253099127206951e-05,0.0625309944152832,1000.0,2.332012627448421e-06,0.0023320126347243786,1.0,0.0,0.0,5.0,0.0036547877825796604,0.018273938447237015,1000.0,0.028180480003356934,28.18048095703125,505.0,1.7827860574470833e-05,0.009003069251775742
520,28.91898536682129,1.0,1.1345282793045044,1.1345282793045044,0.0001,45.16099548339844,0.004516099579632282,0.0001,954.6038208007812,0.09546037763357162,1000.0,5.383070310926996e-05,0.05383070185780525,1000.0,2.2547997104993556e-06,0.0022547997068613768,1.0,0.0,0.0,5.2,0.0038416075985878706,0.019976358860731125,1000.0,0.02759942039847374,27.59942054748535,524.8,1.7141988791991025e-05,0.008996115066111088
540,28.321651458740234,1.0,0.9804772138595581,0.9804772138595581,0.0001,45.816505432128906,0.004581650253385305,0.0001,957.4794311523438,0.0957479402422905,1000.0,4.624448047252372e-05,0.04624447971582413,1000.0,2.1578769064944936e-06,0.002157876966521144,1.0,0.0,0.0,5.4,0.004141485784202814,0.022364024072885513,1000.0,0.02716085873544216,27.160858154296875,544.6,1.6929039702517912e-05,0.009219554252922535
560,27.862485885620117,1.0,0.8762007355690002,0.8762007355690002,0.0001,46.42048645019531,0.004642048384994268,0.0001,959.3171997070312,0.09593171626329422,1000.0,3.9753598684910685e-05,0.03975359722971916,1000.0,2.1189161998336203e-06,0.0021189162507653236,1.0,0.0,0.0,5.6,0.003974085208028555,0.022254876792430878,1000.0,0.026812104508280754,26.812105178833008,564.4,1.6792628230177797e-05,0.009477759711444378
580,27.524084091186523,1.0,0.7968264222145081,0.7968264222145081,0.0001,46.978858947753906,0.004697885829955339,0.0001,961.1416015625,0.0961141586303711,1000.0,3.4223503462271765e-05,0.03422350436449051,1000.0,2.104553914250573e-06,0.002104553859680891,1.0,0.0,0.0,5.8,0.003986157942563295,0.023119715973734856,1000.0,0.026557557284832,26.557558059692383,584.2,1.6157639038283378e-05,0.009439293295145035
600,27.282262802124023,1.0,0.7459795475006104,0.7459795475006104,0.0001,47.492820739746094,0.004749281797558069,0.0001,962.5007934570312,0.09625007957220078,1000.0,3.0025485102669336e-05,0.030025485903024673,1000.0,2.0871764263574732e-06,0.002087176311761141,1.0,0.0,0.0,6.0,0.004300128668546677,0.02580077201128006,1000.0,0.02636772394180298,26.36772346496582,604.0,1.5972895198501647e-05,0.009647628292441368
620,27.11602210998535,1.0,0.7098020911216736,0.7098020911216736,0.0001,47.959449768066406,0.004795944783836603,0.0001,963.334716796875,0.09633346647024155,1000.0,2.7284484531264752e-05,0.02728448435664177,1000.0,2.0753145690832753e-06,0.0020753145217895508,1.0,0.0,0.0,6.2,0.004576539155095816,0.02837454155087471,1000.0,0.02623751387000084,26.23751449584961,623.8,1.5778423403389752e-05,0.009842580184340477
640,27.00086212158203,1.0,0.6775721311569214,0.6775721311569214,0.0001,48.385440826416016,0.0048385439440608025,0.0001,964.5927124023438,0.0964592695236206,1000.0,2.482808122294955e-05,0.02482808195054531,1000.0,2.133332145604072e-06,0.0021333321928977966,1.0,0.0,0.0,6.4,0.004581765737384558,0.02932330034673214,1000.0,0.02615545690059662,26.15545654296875,643.6,1.592563057783991e-05,0.010249735787510872
660,26.977365493774414,1.0,0.7249834537506104,0.7249834537506104,0.0001,48.71196746826172,0.0048711965791881084,0.0001,964.8224487304688,0.09648223966360092,1000.0,2.3319840693147853e-05,0.02331984043121338,1000.0,2.477932184774545e-06,0.0024779322557151318,1.0,0.0,0.0,6.6,0.0046628923155367374,0.03077508881688118,1000.0,0.026083853095769882,26.083852767944336,663.4,1.598233575350605e-05,0.010602681897580624
680,26.880401611328125,1.0,0.660600483417511,0.660600483417511,0.0001,48.93126678466797,0.004893126431852579,0.0001,965.1890258789062,0.09651889652013779,1000.0,2.2579062715522014e-05,0.02257906273007393,1000.0,2.179194325435674e-06,0.0021791942417621613,1.0,0.0,0.0,6.8,0.004681661259382963,0.031835298985242844,1000.0,0.02605133131146431,26.05133056640625,683.2,1.5318186342483386e-05,0.010465385392308235
700,26.82371711730957,1.0,0.6338040232658386,0.6338040232658386,0.0001,49.13572692871094,0.004913572687655687,0.0001,965.7754516601562,0.09657754004001617,1000.0,2.1984629711369053e-05,0.021984629333019257,1000.0,2.107777390847332e-06,0.002107777399942279,1.0,0.0,0.0,7.0,0.004753268323838711,0.0332728773355484,1000.0,0.026020437479019165,26.020437240600586,703.0,1.5105229067557957e-05,0.010618976317346096
720,26.795448303222656,1.0,0.6353555917739868,0.6353555917739868,0.0001,49.31546401977539,0.0049315462820231915,0.0001,965.6636352539062,0.09656636416912079,1000.0,2.1443251171149313e-05,0.02144325152039528,1000.0,2.2303490823105676e-06,0.0022303489968180656,1.0,0.0,0.0,7.2,0.004799927119165659,0.034559473395347595,1000.0,0.025989463552832603,25.989463806152344,722.8,1.5077332136570476e-05,0.010897895321249962
740,26.776161193847656,1.0,0.6385434865951538,0.6385434865951538,0.0001,49.49786376953125,0.004949786234647036,0.0001,965.4935913085938,0.09654935449361801,1000.0,2.091521309921518e-05,0.020915213972330093,1000.0,2.3328927909460617e-06,0.00233289273455739,1.0,0.0,0.0,7.4,0.004798614885658026,0.03550975024700165,1000.0,0.02596602402627468,25.96602439880371,742.6,1.5264173271134496e-05,0.011335174553096294
760,26.748661041259766,1.0,0.6222974061965942,0.6222974061965942,0.0001,49.659515380859375,0.0049659512005746365,0.0001,965.9067993164062,0.09659067541360855,1000.0,2.0252764443284832e-05,0.020252764225006104,1000.0,2.255741719636717e-06,0.0022557417396456003,1.0,0.0,0.0,7.6,0.004814705811440945,0.03659176453948021,1000.0,0.02595408819615841,25.95408821105957,762.4,1.5239915228448808e-05,0.011618911288678646
780,26.726032257080078,1.0,0.6133823990821838,0.6133823990821838,0.0001,49.77512741088867,0.004977512639015913,0.0001,965.9695434570312,0.09659694880247116,1000.0,1.9910330593120307e-05,0.019910329952836037,1000.0,2.1959647256153403e-06,0.002195964800193906,1.0,0.0,0.0,7.8,0.004799431189894676,0.037435565143823624,1000.0,0.025939684361219406,25.93968391418457,782.2,1.515054282208439e-05,0.011850754730403423
800,26.71198272705078,1.0,0.6160112619400024,0.6160112619400024,0.0001,49.82218933105469,0.004982218611985445,0.0001,965.9344482421875,0.09659343957901001,1000.0,1.9701326891663484e-05,0.01970132626593113,1000.0,2.199490836574114e-06,0.0021994907874614,1.0,0.0,0.0,8.0,0.0048116291873157024,0.03849303349852562,1000.0,0.025921884924173355,25.921884536743164,802.0,1.5108889783732593e-05,0.012117329984903336
820,26.736143112182617,1.0,0.650016725063324,0.650016725063324,0.0001,49.944000244140625,0.004994399845600128,0.0001,966.1116943359375,0.09661116451025009,1000.0,2.0148276234976947e-05,0.020148275420069695,1000.0,2.6720756522990996e-06,0.0026720757596194744,1.0,0.0,0.0,8.2,0.004792318679392338,0.039297010749578476,1000.0,0.025909600779414177,25.90960121154785,821.8,1.5577334124827757e-05,0.012801452539861202
840,26.709247589111328,1.0,0.6318008303642273,0.6318008303642273,0.0001,49.96556091308594,0.004996555857360363,0.0001,965.6395874023438,0.09656395763158798,1000.0,2.0003673853352666e-05,0.020003674551844597,1000.0,2.343638470847509e-06,0.0023436385672539473,1.0,0.0,0.0,8.4,0.004806553479284048,0.04037504643201828,1000.0,0.02590043470263481,25.900434494018555,841.6,1.5122204786166549e-05,0.01272684708237648
860,26.694849014282227,1.0,0.6187655925750732,0.6187655925750732,0.0001,50.00035858154297,0.005000035744160414,0.0001,965.9879760742188,0.0965987965464592,1000.0,1.9965686078649014e-05,0.01996568590402603,1000.0,2.3307879928324837e-06,0.0023307879455387592,1.0,0.0,0.0,8.6,0.004812922794371843,0.04139113798737526,1000.0,0.025898046791553497,25.898046493530273,861.4,1.4801461475144606e-05,0.01274997927248478
880,26.69594383239746,1.0,0.6311637163162231,0.6311637163162231,0.0001,50.07561111450195,0.005007560830563307,0.0001,965.7296752929688,0.09657296538352966,1000.0,1.9962732039857656e-05,0.01996273174881935,1000.0,2.4035221031226683e-06,0.0024035221431404352,1.0,0.0,0.0,8.8,0.004814295098185539,0.042365796864032745,1000.0,0.025885026901960373,25.885026931762695,881.2,1.5250020624080207e-05,0.01343831792473793
900,26.696067810058594,1.0,0.628038227558136,0.628038227558136,0.0001,50.14834213256836,0.005014833994209766,0.0001,966.0193481445312,0.0966019332408905,1000.0,2.0102814232814126e-05,0.020102813839912415,1000.0,2.511836100893561e-06,0.0025118361227214336,1.0,0.0,0.0,9.0,0.004808612167835236,0.04327750951051712,1000.0,0.025886930525302887,25.886930465698242,901.0,1.5083215657796245e-05,0.013589977286756039
920,26.68051528930664,1.0,0.6181460618972778,0.6181460618972778,0.0001,50.177154541015625,0.005017715506255627,0.0001,965.8621826171875,0.096586212515831,1000.0,1.9899347535101697e-05,0.01989934779703617,1000.0,2.3068650989443995e-06,0.0023068650625646114,1.0,0.0,0.0,9.2,0.004813073202967644,0.0442802719771862,1000.0,0.025880679488182068,25.880680084228516,920.8,1.4766023014090024e-05,0.013596553355455399
940,26.67117691040039,1.0,0.6053547859191895,0.6053547859191895,0.0001,50.26055145263672,0.005026055034250021,0.0001,966.2723388671875,0.09662722796201706,1000.0,1.9788647477980703e-05,0.019788647070527077,1000.0,2.2632625586993527e-06,0.0022632626350969076,1.0,0.0,0.0,9.4,0.004783867858350277,0.04496835544705391,1000.0,0.025883367285132408,25.88336753845215,940.6,1.4651459423475899e-05,0.013781161978840828
960,26.678390502929688,1.0,0.6085073947906494,0.6085073947906494,0.0001,50.32023620605469,0.005032023414969444,0.0001,966.4136352539062,0.09664136171340942,1000.0,2.0020905139972456e-05,0.020020905882120132,1000.0,2.3682669052504934e-06,0.0023682669270783663,1.0,0.0,0.0,9.6,0.004799531307071447,0.046075500547885895,1000.0,0.02588563784956932,25.885637283325195,960.4,1.469074959459249e-05,0.014108995907008648
980,26.684093475341797,1.0,0.6210737228393555,0.6210737228393555,0.0001,50.35786437988281,0.005035786423832178,0.0001,966.0701904296875,0.0966070145368576,1000.0,1.994094782276079e-05,0.019940948113799095,1000.0,2.4747189399931813e-06,0.0024747189600020647,1.0,0.0,0.0,9.8,0.004768483340740204,0.046731136739254,1000.0,0.025877302512526512,25.877302169799805,980.2,1.522966158518102e-05,0.014928114600479603
1000,26.676258087158203,1.0,0.615527331829071,0.615527331829071,0.0001,50.37584686279297,0.005037584342062473,0.0001,966.0548706054688,0.09660548716783524,1000.0,1.9963506929343566e-05,0.01996350660920143,1000.0,2.3972340841282858e-06,0.002397234085947275,1.0,0.0,0.0,10.0,0.004764765966683626,0.04764765873551369,1000.0,0.025874286890029907,25.874286651611328,1000.0,1.4791919966228306e-05,0.014791919849812984
