iter,stage,total,e_img,e_smooth,e_vel,term_img,term_smooth_weighted,term_vel_weighted,total_from_terms,e_img_raw,e_smooth_raw,e_vel_raw,e_img_denom,e_smooth_denom,e_vel_denom,active_pairs,sum_weight,mean_reproj_px,max_translation
20,adam,7.36358642578125,7.174471378326416,0.0005827216664329171,0.00017873066826723516,7.174471378326416,0.17481649992987514,0.014298453461378813,7.36358633171767,2047249.75,0.27621006965637207,0.0857907235622406,285352.0,474.0,480.0,285352,285352.0,2.5330400466918945,0.03167516365647316
40,adam,1.098081350326538,0.9957055449485779,0.000315256358589977,9.748684533406049e-05,0.9957055449485779,0.09457690757699311,0.007798947626724839,1.0980814001522958,284126.5625,0.149431511759758,0.04679368436336517,285352.0,474.0,480.0,285352,285352.0,0.8983872532844543,0.025075973942875862
60,adam,0.49068039655685425,0.4283708333969116,0.00019155106565449387,6.0553116782102734e-05,0.4283708333969116,0.05746531969634816,0.004844249342568219,0.490680402435828,122236.4765625,0.09079520404338837,0.02906549535691738,285352.0,474.0,480.0,285352,285352.0,0.5721339583396912,0.022191127762198448
80,adam,0.3068489730358124,0.27277374267578125,0.0001043173106154427,3.475069752312265e-05,0.27277374267578125,0.03129519318463281,0.0027800558018498123,0.30684899166226387,77836.53125,0.04944640398025513,0.016680335626006126,285352.0,474.0,480.0,285352,285352.0,0.42651471495628357,0.01996578462421894
100,adam,0.2702423930168152,0.25191137194633484,5.577478077611886e-05,1.9982553567388095e-05,0.25191137194633484,0.016732434232835658,0.0015986042853910476,0.27024241046456154,71883.4140625,0.026437245309352875,0.00959162600338459,285352.0,474.0,480.0,285352,285352.0,0.4013490378856659,0.017969205975532532
120,adam,0.2564823031425476,0.24661172926425934,2.978673182951752e-05,1.1681745490932371e-05,0.24661172926425934,0.008936019548855256,0.0009345396392745897,0.2564822884523892,70371.1484375,0.014118910767138004,0.0056072380393743515,285352.0,474.0,480.0,285352,285352.0,0.3948420584201813,0.016705486923456192
140,adam,0.24908870458602905,0.2437020242214203,1.6088077245512977e-05,7.003143309702864e-06,0.2437020242214203,0.004826423173653893,0.0005602514647762291,0.2490886988598504,69540.859375,0.00762574840337038,0.0033615087158977985,285352.0,474.0,480.0,285352,285352.0,0.3914249837398529,0.015638411045074463
160,adam,0.24491722881793976,0.241880863904953,8.959772458183579e-06,4.355367309472058e-06,0.241880863904953,0.0026879317374550737,0.00034842938475776464,0.24491722502716584,69021.1875,0.004246931988745928,0.0020905763376504183,285352.0,474.0,480.0,285352,285352.0,0.38901087641716003,0.0147289102897048
180,adam,0.24237865209579468,0.24061143398284912,5.144291662873002e-06,2.799097273964435e-06,0.24061143398284912,0.0015432874988619005,0.0002239277819171548,0.24237864926362818,68658.953125,0.0024383943527936935,0.0013435666915029287,285352.0,474.0,480.0,285352,285352.0,0.3872886598110199,0.013970302417874336
200,adam,0.24074430763721466,0.23968474566936493,3.0378187148016877e-06,1.852784407674335e-06,0.23968474566936493,0.0009113456144405063,0.0001482227526139468,0.24074431403641938,68394.5234375,0.001439926098100841,0.0008893365156836808,285352.0,474.0,480.0,285352,285352.0,0.3859924376010895,0.013337450101971626
220,adam,0.23964540660381317,0.23899336159229279,1.8375874333287356e-06,1.2596079841387109e-06,0.23899336159229279,0.0005512762299986207,0.00010076863873109687,0.2396454064610225,68197.234375,0.0008710164693184197,0.0006046118214726448,285352.0,474.0,480.0,285352,285352.0,0.38500165939331055,0.012805033475160599
240,adam,0.23888206481933594,0.2384704053401947,1.1375667554602842e-06,8.799476631793368e-07,0.2384704053401947,0.00034127002663808526,7.039581305434695e-05,0.23888207117988713,68048.0078125,0.0005392066668719053,0.00042237486923113465,285352.0,474.0,480.0,285352,285352.0,0.38422900438308716,0.01235199999064207
260,adam,0.2383393794298172,0.23807212710380554,7.21966443961719e-07,6.332678594844765e-07,0.23807212710380554,0.00021658993318851572,5.066142875875812e-05,0.23833937846575282,67934.359375,0.00034221209352836013,0.00030396858346648514,285352.0,474.0,480.0,285352,285352.0,0.3836223781108856,0.011963064782321453
280,adam,0.2379464954137802,0.2377672791481018,4.7171758410513576e-07,4.7122205160121666e-07,0.2377672791481018,0.00014151527523154073,3.769776412809733e-05,0.23794649218746144,67847.3671875,0.0002235941356047988,0.0002261865884065628,285352.0,474.0,480.0,285352,285352.0,0.38314104080200195,0.011626730673015118
300,adam,0.2376582771539688,0.23753340542316437,3.1916621878735896e-07,3.639054568793654e-07,0.23753340542316437,9.574986563620769e-05,2.911243655034923e-05,0.23765826772535092,67780.6328125,0.00015128478116821498,0.00017467461293563247,285352.0,474.0,480.0,285352,285352.0,0.38275784254074097,0.011334531009197235
320,adam,0.23744449019432068,0.23735356330871582,2.251028945465805e-07,2.9242471555335214e-07,0.23735356330871582,6.753086836397415e-05,2.339397724426817e-05,0.23744448815432406,67729.3125,0.00010669877519831061,0.00014036385982763022,285352.0,474.0,480.0,285352,285352.0,0.3824508786201477,0.01107983198016882
340,adam,0.23728503286838531,0.23721551895141602,1.665006692519455e-07,2.446466851324658e-07,0.23721551895141602,4.995020077558365e-05,1.9571734810597263e-05,0.2372850408870022,67689.921875,7.892131543485448e-05,0.00011743040522560477,285352.0,474.0,480.0,285352,285352.0,0.38220399618148804,0.0108574740588665
360,adam,0.23933745920658112,0.239280566573143,1.326054075434513e-07,2.1385416459906992e-07,0.239280566573143,3.978162226303539e-05,1.7108333167925593e-05,0.23933745652857397,68279.1875,6.285496056079865e-05,0.0001026499958243221,285352.0,474.0,480.0,285352,285352.0,0.3845962882041931,0.010671405121684074
380,adam,0.2593095302581787,0.25925153493881226,1.397309290496196e-07,2.0079872342648741e-07,0.25925153493881226,4.191927871488588e-05,1.6063897874118993e-05,0.25930951811540126,73977.9453125,6.623246008530259e-05,9.638338815420866e-05,285352.0,474.0,480.0,285352,285352.0,0.4006461203098297,0.01075027510523796
400,adam,0.27898916602134705,0.27893081307411194,1.425457298864785e-07,1.9465009870600625e-07,0.27893081307411194,4.2763718965943553e-05,1.55720078964805e-05,0.27898914880097436,79593.46875,6.756667426088825e-05,9.343204874312505e-05,285352.0,474.0,480.0,285352,285352.0,0.40684443712234497,0.010568912141025066
420,adam,0.23994620144367218,0.23990394175052643,9.487230556715076e-08,1.7249345773961977e-07,0.23990394175052643,2.8461691670145228e-05,1.3799476619169582e-05,0.23994620291881574,68457.0703125,4.496947440202348e-05,8.27968615340069e-05,285352.0,474.0,480.0,285352,285352.0,0.3850521743297577,0.010578281246125698
440,adam,0.23809321224689484,0.23805662989616394,7.856915118509278e-08,1.6263801683180645e-07,0.23805662989616394,2.3570745355527833e-05,1.3011041346544516e-05,0.238093211682866,67929.9375,3.7241778045427054e-05,7.806624489603564e-05,285352.0,474.0,480.0,285352,285352.0,0.38288256525993347,0.010618103668093681
460,adam,0.23731689155101776,0.23728245496749878,7.267635737662204e-08,1.579349913072292e-07,0.23728245496749878,2.180290721298661e-05,1.2634799304578337e-05,0.23731689267401634,67709.0234375,3.444859248702414e-05,7.580879901070148e-05,285352.0,474.0,480.0,285352,285352.0,0.38190287351608276,0.010652321390807629
480,adam,0.23687759041786194,0.2368440479040146,7.027448134522274e-08,1.5567601963084599e-07,0.2368440479040146,2.1082344403566822e-05,1.2454081570467679e-05,0.23687758432998862,67583.921875,3.331010520923883e-05,7.472449215129018e-05,285352.0,474.0,480.0,285352,285352.0,0.38141557574272156,0.010683747008442879
500,adam,0.2373110055923462,0.2372778356075287,6.939019669971458e-08,1.544506034178994e-07,0.2372778356075287,2.0817059009914374e-05,1.2356048273431952e-05,0.23731100871481203,67707.703125,3.289095184300095e-05,7.413628918584436e-05,285352.0,474.0,480.0,285352,285352.0,0.3820425271987915,0.010712251998484135
520,adam,0.23924840986728668,0.23921413719654083,7.29662517073848e-08,1.5477290560284018e-07,0.23921413719654083,2.188987551221544e-05,1.2381832448227215e-05,0.23924840890450128,68260.234375,3.4586002584546804e-05,7.429099787259474e-05,285352.0,474.0,480.0,285352,285352.0,0.3840392827987671,0.010735932737588882
540,adam,0.2385883331298828,0.23855434358119965,7.206492824707311e-08,1.5454877200227202e-07,0.23855434358119965,2.1619478474121934e-05,1.2363901760181761e-05,0.23858832696143395,68071.9609375,3.415877654333599e-05,7.418340828735381e-05,285352.0,474.0,480.0,285352,285352.0,0.38327983021736145,0.010755962692201138
560,adam,0.23994462192058563,0.23991067707538605,7.187241379824627e-08,1.5478248371891823e-07,0.23991067707538605,2.156172413947388e-05,1.2382598697513458e-05,0.23994462139822303,68458.9921875,3.406752512091771e-05,7.42955890018493e-05,285352.0,474.0,480.0,285352,285352.0,0.38445788621902466,0.01075837854295969
580,adam,0.2816118001937866,0.2815605401992798,1.2436633767265448e-07,1.7427473153475148e-07,0.2815605401992798,3.7309901301796344e-05,1.3941978522780119e-05,0.28161179207910436,80343.859375,5.89496448810678e-05,8.365187386516482e-05,285352.0,474.0,480.0,285352,285352.0,0.41000083088874817,0.011295981705188751
600,adam,0.3662617802619934,0.366159588098526,2.811924844081659e-07,2.2270997135365178e-07,0.366159588098526,8.435774532244977e-05,1.7816797708292142e-05,0.36626176264155674,104484.375,0.00013328524073585868,0.0001069007848855108,285352.0,474.0,480.0,285352,285352.0,0.45473533868789673,0.010840237140655518
620,adam,0.3356008529663086,0.3355274200439453,1.9199832479444012e-07,1.9783777815973735e-07,0.3355274200439453,5.759949743833204e-05,1.582702225277899e-05,0.3356008465636364,95743.421875,9.100720490096137e-05,9.496213169768453e-05,285352.0,474.0,480.0,285352,285352.0,0.4429111182689667,0.010807249695062637
640,adam,0.2604506313800812,0.2604101002216339,9.19391283105142e-08,1.6198910657294618e-07,0.2604101002216339,2.7581738493154262e-05,1.2959128525835695e-05,0.2604506410886529,74308.546875,4.357914804131724e-05,7.775476842653006e-05,285352.0,474.0,480.0,285352,285352.0,0.4034436345100403,0.010837158188223839
660,adam,0.3724171221256256,0.372310996055603,2.938733416613104e-07,2.2479979122635996e-07,0.372310996055603,8.816200249839312e-05,1.7983983298108797e-05,0.37241714204139953,106239.6875,0.00013929596752859652,0.00010790389933390543,285352.0,474.0,480.0,285352,285352.0,0.45453590154647827,0.010834637098014355
680,adam,0.3033367991447449,0.30326953530311584,1.7321970346984017e-07,1.9098551717888768e-07,0.30326953530311584,5.196591104095205e-05,1.5278841374311014e-05,0.3033367800555311,86538.5703125,8.210614032577723e-05,9.167304961010814e-05,285352.0,474.0,480.0,285352,285352.0,0.4294371008872986,0.010842673480510712
700,adam,0.4154508113861084,0.41532766819000244,3.4597201192809734e-07,2.4184973312912916e-07,0.41532766819000244,0.0001037916035784292,1.9347978650330333e-05,0.4154508077722312,118514.578125,0.00016399072774220258,0.0001160878746304661,285352.0,474.0,480.0,285352,285352.0,0.4778854250907898,0.010844205506145954
720,adam,0.2791745662689209,0.27911609411239624,1.4746949261734699e-07,1.779994676098795e-07,0.27911609411239624,4.4240847785204096e-05,1.423995740879036e-05,0.27917457491759023,79646.3359375,6.990053952904418e-05,8.543974399799481e-05,285352.0,474.0,480.0,285352,285352.0,0.41905316710472107,0.010843153111636639
740,adam,0.25140509009361267,0.25136706233024597,8.400087381232879e-08,1.6009771286462637e-07,0.25136706233024597,2.5200262143698637e-05,1.280781702917011e-05,0.25140507040941884,71728.09375,3.981641566497274e-05,7.684690353926271e-05,285352.0,474.0,480.0,285352,285352.0,0.39427629113197327,0.010848832316696644
760,adam,0.25799959897994995,0.2579556107521057,1.016209054682804e-07,1.686304216264034e-07,0.2579556107521057,3.048627164048412e-05,1.3490433730112272e-05,0.2579995874574763,73608.1484375,4.8168309149332345e-05,8.094260556390509e-05,285352.0,474.0,480.0,285352,285352.0,0.39714106917381287,0.010851833038032055
780,adam,0.4217510223388672,0.4216082692146301,4.0586326122138416e-07,2.623156660774839e-07,0.4216082692146301,0.00012175897836641525,2.0985253286198713e-05,0.42175101344628274,120306.765625,0.00019237918604630977,0.00012591152335517108,285352.0,474.0,480.0,285352,285352.0,0.487184077501297,0.010850504972040653
800,adam,0.2862994074821472,0.2862491309642792,1.2033336815875373e-07,1.7740883606620628e-07,0.2862491309642792,3.610001044762612e-05,1.4192706885296502e-05,0.2862994236816121,81681.765625,5.703801798517816e-05,8.515624358551577e-05,285352.0,474.0,480.0,285352,285352.0,0.4264444410800934,0.011062152683734894
820,adam,0.27422231435775757,0.27416685223579407,1.3676212518021202e-07,1.8043559180114244e-07,0.27416685223579407,4.102863755406361e-05,1.4434847344091395e-05,0.2742223157206922,78234.0625,6.482524622697383e-05,8.660908497404307e-05,285352.0,474.0,480.0,285352,285352.0,0.4100896120071411,0.011105517856776714
840,adam,0.2946476638317108,0.2945879101753235,1.5035404032914812e-07,1.8306710103388468e-07,0.2945879101753235,4.5106212098744436e-05,1.4645368082710775e-05,0.29464766175550494,84061.25,7.126781565602869e-05,8.787220576778054e-05,285352.0,474.0,480.0,285352,285352.0,0.4237639009952545,0.010987243615090847
860,adam,0.3437854051589966,0.3437032997608185,2.1882519263272115e-07,2.0579012982580025e-07,0.3437032997608185,6.564755778981635e-05,1.646321038606402e-05,0.34378541052899436,98076.421875,0.00010372314136475325,9.877925913315266e-05,285352.0,474.0,480.0,285352,285352.0,0.45322495698928833,0.010828044265508652
880,adam,0.3105570673942566,0.3104897737503052,1.7350713221730985e-07,1.9020701813587948e-07,0.3104897737503052,5.2052139665192954e-05,1.5216561450870358e-05,0.31055704245142124,88598.875,8.224238263210282e-05,9.12993709789589e-05,285352.0,474.0,480.0,285352,285352.0,0.42952314019203186,0.010880617424845695
900,adam,0.3035449683666229,0.30348050594329834,1.648357823569313e-07,1.8790184697081713e-07,0.30348050594329834,4.945073470707939e-05,1.503214775766537e-05,0.3035449888257631,86598.765625,7.813215779606253e-05,9.019288700073957e-05,285352.0,474.0,480.0,285352,285352.0,0.43121302127838135,0.010871882550418377
920,adam,0.2835461497306824,0.28348928689956665,1.4074396403884748e-07,1.8286027625435963e-07,0.28348928689956665,4.2223189211654244e-05,1.462882210034877e-05,0.28354613891087865,80894.234375,6.671263690805063e-05,8.777293260209262e-05,285352.0,474.0,480.0,285352,285352.0,0.410111665725708,0.01086406596004963
940,adam,0.2923218607902527,0.2922649681568146,1.4079088828111708e-07,1.8329332363009598e-07,0.2922649681568146,4.223726648433512e-05,1.4663465890407679e-05,0.2923218688891893,83398.390625,6.673487951047719e-05,8.798079215921462e-05,285352.0,474.0,480.0,285352,285352.0,0.42594191431999207,0.010863671079277992
960,adam,0.3192540109157562,0.3191833198070526,1.8442906934978964e-07,1.9181740640306089e-07,0.3191833198070526,5.532872080493689e-05,1.534539251224487e-05,0.3192539939203698,91079.6015625,8.741937926970422e-05,9.207235416397452e-05,285352.0,474.0,480.0,285352,285352.0,0.44785216450691223,0.010855505242943764
980,adam,0.306506484746933,0.3064427375793457,1.6354820786546043e-07,1.8359072839757573e-07,0.3064427375793457,4.906446235963813e-05,1.4687258271806058e-05,0.30650648929997715,87444.046875,7.752185047138482e-05,8.81235464476049e-05,285352.0,474.0,480.0,285352,285352.0,0.4362214505672455,0.010793110355734825
1000,adam,0.23530299961566925,0.23521941900253296,2.2162689106153266e-07,2.136068104618971e-07,0.23521941900253296,6.64880673184598e-05,1.708854483695177e-05,0.23530299561468837,60435.8671875,0.000105051149148494,0.00010253126674797386,256934.0,474.0,480.0,256934,256934.0,0.38341888785362244,0.01083328016102314
1020,adam,0.16931657493114471,0.1691996306180954,3.238274359773641e-07,2.47284134502479e-07,0.1691996306180954,9.714823079320922e-05,1.978273076019832e-05,0.1693165615796488,43473.13671875,0.00015349419845733792,0.000118696378194727,256934.0,474.0,480.0,256934,256934.0,0.3377136290073395,0.011064672842621803
1040,adam,0.16957421600818634,0.16947631537914276,2.636713816173142e-07,2.349795380496289e-07,0.16947631537914276,7.910141448519425e-05,1.8798363043970312e-05,0.16957421515667193,43544.2265625,0.00012498022988438606,0.00011279017780907452,256934.0,474.0,480.0,256934,256934.0,0.3358028829097748,0.010965602472424507
1060,adam,0.19124501943588257,0.19112633168697357,3.2689189310985967e-07,2.5776407142075186e-07,0.19112633168697357,9.80675679329579e-05,2.062112571366015e-05,0.1912450203806202,49106.8515625,0.00015494675608351827,0.000123726757010445,256934.0,474.0,480.0,256934,256934.0,0.35280030965805054,0.011179567314684391
1080,adam,0.20726999640464783,0.20712971687316895,3.915050399427855e-07,2.8532912210721406e-07,0.20712971687316895,0.00011745151198283565,2.2826329768577125e-05,0.20726999471492036,53218.66796875,0.00018557338626123965,0.00013695798406843096,256934.0,474.0,480.0,256934,256934.0,0.3635331690311432,0.011300114914774895
1100,adam,0.20864078402519226,0.20849807560443878,3.972205036006926e-07,2.9432348469526914e-07,0.20849807560443878,0.00011916615108020778,2.354587877562153e-05,0.2086407876342946,53570.24609375,0.0001882825163193047,0.0001412752753822133,256934.0,474.0,480.0,256934,256934.0,0.3673454523086548,0.011400110088288784
1120,adam,0.1690632551908493,0.16893820464611053,3.426540047257731e-07,2.781353032332845e-07,0.16893820464611053,0.00010279620141773194,2.225082425866276e-05,0.16906325167178693,43405.96875,0.00016241800040006638,0.00013350494555197656,256934.0,474.0,480.0,256934,256934.0,0.33766230940818787,0.011488034389913082
1140,adam,0.1774471402168274,0.17732243239879608,3.403296773285547e-07,2.8261715101507434e-07,0.17732243239879608,0.0001020989031985664,2.2609372081205947e-05,0.17744714067407585,45560.16015625,0.0001613162603462115,0.00013565622793976218,256934.0,474.0,480.0,256934,256934.0,0.3446252942085266,0.011558358557522297
1160,adam,0.18145820498466492,0.181337371468544,3.2750810419202026e-07,2.8212247116243816e-07,0.181337371468544,9.825243125760608e-05,2.2569797692995053e-05,0.1814581936974946,46591.734375,0.00015523884212598205,0.0001354187843389809,256934.0,474.0,480.0,256934,256934.0,0.34590139985084534,0.011929196305572987
1180,adam,0.22044162452220917,0.2202896773815155,4.224623069148947e-07,3.151156704461755e-07,0.2202896773815155,0.00012673869207446842,2.520925363569404e-05,0.22044162532722567,56599.90625,0.0002002471301238984,0.00015125551726669073,256934.0,474.0,480.0,256934,256934.0,0.37998995184898376,0.011905033141374588
1200,adam,0.1997624933719635,0.19962014257907867,3.920516746802605e-07,3.092774818469479e-07,0.19962014257907867,0.00011761550240407814,2.4742198547755834e-05,0.1997625002800305,51289.203125,0.00018583249766379595,0.0001484531967435032,256934.0,474.0,480.0,256934,256934.0,0.3646230697631836,0.011844145134091377
1220,adam,0.17364241182804108,0.17351855337619781,3.354099362695706e-07,2.904389475588687e-07,0.17351855337619781,0.00010062298088087118,2.3235115804709494e-05,0.1736424114728834,44582.81640625,0.0001589843159308657,0.00013941069482825696,256934.0,474.0,480.0,256934,256934.0,0.3382855951786041,0.011871377937495708
1240,adam,0.20392543077468872,0.20377078652381897,4.306678533794184e-07,3.1804913191990636e-07,0.20377078652381897,0.0001292003560138255,2.544393055359251e-05,0.2039254308103864,52355.64453125,0.00020413656602613628,0.00015266358968801796,256934.0,474.0,480.0,256934,256934.0,0.36390915513038635,0.011893766932189465
1260,adam,0.19793598353862762,0.19780248403549194,3.649137454431184e-07,3.003107735821686e-07,0.19780248403549194,0.00010947412363293552,2.402486188657349e-05,0.19793598302101145,50822.18359375,0.00017296911391895264,0.00014414917677640915,256934.0,474.0,480.0,256934,256934.0,0.3606734871864319,0.011932379566133022
1280,adam,0.16429318487644196,0.16417330503463745,3.2279419315273117e-07,2.879716589632153e-07,0.16417330503463745,9.683825794581935e-05,2.3037732717057224e-05,0.16429318102530033,42181.703125,0.00015300445375032723,0.00013822640175931156,256934.0,474.0,480.0,256934,256934.0,0.3359730839729309,0.011968325823545456
1300,adam,0.17728810012340546,0.1771634817123413,3.3746130156941945e-07,2.921780719589151e-07,0.1771634817123413,0.00010123839047082583,2.3374245756713208e-05,0.17728809434856885,45519.3203125,0.00015995666035450995,0.00014024547999724746,256934.0,474.0,480.0,256934,256934.0,0.34559929370880127,0.012012448161840439
1320,adam,0.1778532713651657,0.17773222923278809,3.264424890403461e-07,2.888954213631223e-07,0.17773222923278809,9.793274671210384e-05,2.3111633709049784e-05,0.17785327361320924,45665.453125,0.00015473374514840543,0.0001386697986163199,256934.0,474.0,480.0,256934,256934.0,0.3446158766746521,0.0124342180788517
1340,adam,0.18048939108848572,0.18036164343357086,3.4774774348989013e-07,2.9279368618517765e-07,0.18036164343357086,0.00010432432304696704,2.3423494894814212e-05,0.18048939125151264,46341.0390625,0.00016483242507092655,0.00014054097118787467,256934.0,474.0,480.0,256934,256934.0,0.34809377789497375,0.011993811465799809
1360,adam,0.16944459080696106,0.16931861639022827,3.4112798630303587e-07,2.9548948532465147e-07,0.16931861639022827,0.00010233839589091076,2.3639158825972117e-05,0.16944459394494515,43503.7109375,0.00016169466834980994,0.0001418349565938115,256934.0,474.0,480.0,256934,256934.0,0.33418017625808716,0.011962923221290112
1380,adam,0.16965356469154358,0.16952992975711823,3.3419061651329685e-07,2.9232555220914946e-07,0.16952992975711823,0.00010025718495398905,2.3386044176731957e-05,0.16965357298624895,43558.00390625,0.00015840635751374066,0.00014031626051291823,256934.0,474.0,480.0,256934,256934.0,0.33488428592681885,0.011978681199252605
1400,adam,0.16602949798107147,0.16590948402881622,3.2360418344978825e-07,2.866122770228685e-07,0.16590948402881622,9.708125503493648e-05,2.292898216182948e-05,0.166029494266013,42627.7890625,0.00015338837692979723,0.0001375738938804716,256934.0,474.0,480.0,256934,256934.0,0.33322495222091675,0.012005371041595936
1420,adam,0.15954408049583435,0.15942257642745972,3.278367159964546e-07,2.8946232077942113e-07,0.15942257642745972,9.835101479893638e-05,2.315698566235369e-05,0.159544084427921,40961.08203125,0.00015539460582658648,0.00013894191943109035,256934.0,474.0,480.0,256934,256934.0,0.32996153831481934,0.012017200700938702
1440,adam,0.15929067134857178,0.15918050706386566,2.9309038040992164e-07,2.779996464141732e-07,0.15918050706386566,8.792711412297649e-05,2.2239971713133855e-05,0.15929067414970177,40898.8828125,0.00013892483548261225,0.00013343982573132962,256934.0,474.0,480.0,256934,256934.0,0.32958483695983887,0.01200950052589178
1460,adam,0.15552079677581787,0.15540841221809387,2.9973816140227427e-07,2.8078036962142505e-07,0.15540841221809387,8.992144842068228e-05,2.2462429569714004e-05,0.15552079609608427,39929.703125,0.00014207589265424758,0.0001347745710518211,256934.0,474.0,480.0,256934,256934.0,0.3245554268360138,0.012012987397611141
1480,adam,0.1642988920211792,0.1641819328069687,3.13880718749715e-07,2.849414784122928e-07,0.1641819328069687,9.41642156249145e-05,2.2795318272983423e-05,0.1642988923408666,42183.921875,0.00014877946523483843,0.00013677190872840583,256934.0,474.0,480.0,256934,256934.0,0.3337220847606659,0.012011987157166004
1500,adam,0.17107494175434113,0.1709555983543396,3.213906154542201e-07,2.8663484386015625e-07,0.1709555983543396,9.641718463626603e-05,2.29307875088125e-05,0.17107494632648468,43924.3046875,0.00015233915473800153,0.0001375847205054015,256934.0,474.0,480.0,256934,256934.0,0.3403084874153137,0.011990247294306755
1520,adam,0.16274960339069366,0.16262930631637573,3.2367850621994876e-07,2.897739648233255e-07,0.16262930631637573,9.710355186598463e-05,2.318191718586604e-05,0.16274959178542758,41785.0,0.0001534236071165651,0.00013909149856772274,256934.0,474.0,480.0,256934,256934.0,0.33591505885124207,0.011858666315674782
1540,adam,0.1517709195613861,0.15165525674819946,3.0975903086982726e-07,2.843221693638043e-07,0.15165525674819946,9.292770926094818e-05,2.2745773549104342e-05,0.15177093023100952,38965.390625,0.0001468257833039388,0.00013647464220412076,256934.0,474.0,480.0,256934,256934.0,0.32422110438346863,0.012139962054789066
1560,adam,0.14921316504478455,0.14909882843494415,3.055590980238776e-07,2.83378710719262e-07,0.14909882843494415,9.166772940716328e-05,2.267029685754096e-05,0.14921316646120886,38308.55859375,0.00014483500854112208,0.00013602178660221398,256934.0,474.0,480.0,256934,256934.0,0.3204094469547272,0.012070718221366405
1580,adam,0.1524914652109146,0.15237419307231903,3.1436593417311087e-07,2.870913533570274e-07,0.15237419307231903,9.430978025193326e-05,2.2967308268562192e-05,0.15249147016083953,39150.109375,0.00014900945825502276,0.00013780384324491024,256934.0,474.0,480.0,256934,256934.0,0.32305413484573364,0.012040365487337112
1600,adam,0.14689981937408447,0.14678704738616943,3.0121654504000617e-07,2.801210996494774e-07,0.14678704738616943,9.036496351200185e-05,2.2409687971958192e-05,0.1468998220376534,37714.58203125,0.0001427766401320696,0.00013445812510326505,256934.0,474.0,480.0,256934,256934.0,0.3164371848106384,0.012027363292872906
1620,adam,0.14157286286354065,0.14146345853805542,2.9031747317276313e-07,2.7885701570085075e-07,0.14146345853805542,8.709524195182894e-05,2.230856125606806e-05,0.14157286234126332,36346.7734375,0.0001376104773953557,0.00013385136844590306,256934.0,474.0,480.0,256934,256934.0,0.310243159532547,0.012017990462481976
1640,adam,0.14464543759822845,0.14453457295894623,2.95103546932296e-07,2.7920279421778105e-07,0.14453457295894623,8.85310640796888e-05,2.2336223537422484e-05,0.14464544024656334,37135.84765625,0.0001398790773237124,0.00013401734759099782,256934.0,474.0,480.0,256934,256934.0,0.31428346037864685,0.01201787032186985
1660,adam,0.14599548280239105,0.14588303864002228,2.998166053203022e-07,2.8127982432124554e-07,0.14588303864002228,8.994498159609066e-05,2.2502385945699643e-05,0.14599548600756407,37482.3125,0.00014211307279765606,0.00013501431385520846,256934.0,474.0,480.0,256934,256934.0,0.3167656362056732,0.012018835172057152
1680,adam,0.1491626799106598,0.1490481197834015,3.065812848035421e-07,2.823635725235363e-07,0.1490481197834015,9.197438544106262e-05,2.2589085801882902e-05,0.14916268325464443,38295.53125,0.00014531952911056578,0.00013553451572079211,256934.0,474.0,480.0,256934,256934.0,0.31887874007225037,0.012019391171634197
1700,adam,0.14127756655216217,0.14116878807544708,2.8864138812423334e-07,2.7737695518226246e-07,0.14116878807544708,8.659241643727e-05,2.2190156414580997e-05,0.14127757064829893,36271.0625,0.000136816015583463,0.0001331409439444542,256934.0,474.0,480.0,256934,256934.0,0.30995479226112366,0.012019062414765358
1720,adam,0.14399711787700653,0.1438865065574646,2.9424433023450547e-07,2.792256452721631e-07,0.1438865065574646,8.827329907035164e-05,2.2338051621773047e-05,0.14399711790815672,36969.3359375,0.0001394718128722161,0.00013402830518316478,256934.0,474.0,480.0,256934,256934.0,0.31320813298225403,0.012019443325698376
1740,adam,0.14162388443946838,0.14151369035243988,2.929919276084547e-07,2.785824051443342e-07,0.14151369035243988,8.789757828253641e-05,2.2286592411546735e-05,0.14162387452313396,36359.6796875,0.00013887816749047488,0.00013371955719776452,256934.0,474.0,480.0,256934,256934.0,0.3103562295436859,0.012019164860248566
1760,adam,0.14226487278938293,0.1421547681093216,2.926391289292951e-07,2.7887600140275026e-07,0.1421547681093216,8.779173867878853e-05,2.231008011222002e-05,0.1422648699281126,36524.39453125,0.00013871095143258572,0.00013386047794483602,256934.0,474.0,480.0,256934,256934.0,0.3110169470310211,0.012019312009215355
1780,adam,0.14023549854755402,0.14012666046619415,2.8881947855552426e-07,2.773067819816788e-07,0.14012666046619415,8.664584356665728e-05,2.2184542558534304e-05,0.14023549085231934,36003.3046875,0.00013690043124370277,0.00013310725626070052,256934.0,474.0,480.0,256934,256934.0,0.3083650767803192,0.012019271962344646
1800,adam,0.14024171233177185,0.14013271033763885,2.892820702982135e-07,2.77710995533198e-07,0.14013271033763885,8.678462108946405e-05,2.221687964265584e-05,0.14024171183837097,36004.859375,0.0001371196995023638,0.00013330127694644034,256934.0,474.0,480.0,256934,256934.0,0.3084679841995239,0.01201906893402338
1820,adam,0.13995912671089172,0.1398502141237259,2.8896155868096685e-07,2.776656344849471e-07,0.1398502141237259,8.668846760429005e-05,2.2213250758795766e-05,0.13995911584208898,35932.2734375,0.00013696777750737965,0.0001332795072812587,256934.0,474.0,480.0,256934,256934.0,0.30815479159355164,0.012018926441669464
1840,adam,0.13982810080051422,0.13971944153308868,2.882360092826275e-07,2.7727963924917276e-07,0.13971944153308868,8.647080278478825e-05,2.218237113993382e-05,0.1398280947070134,35898.67578125,0.00013662387209478766,0.00013309423229657114,256934.0,474.0,480.0,256934,256934.0,0.30799680948257446,0.012019352987408638
1860,adam,0.13981491327285767,0.13970626890659332,2.8818988084822195e-07,2.772700611330947e-07,0.13970626890659332,8.645696425446658e-05,2.2181604890647577e-05,0.13981490747573844,35895.2890625,0.00013660200056619942,0.00013308963389135897,256934.0,474.0,480.0,256934,256934.0,0.3079771399497986,0.012019368819892406
1880,adam,0.139812633395195,0.13970395922660828,2.882984801999555e-07,2.773082883322786e-07,0.13970395922660828,8.648954405998666e-05,2.218466306658229e-05,0.13981263343373485,35894.6953125,0.00013665348524227738,0.00013310798385646194,256934.0,474.0,480.0,256934,256934.0,0.3079811632633209,0.012019406072795391
1900,adam,0.1398123800754547,0.13970370590686798,2.8827216169702297e-07,2.7729328166969935e-07,0.13970370590686798,8.648164850910689e-05,2.218346253357595e-05,0.13981237101791066,35894.6328125,0.00013664099969901145,0.0001331007806584239,256934.0,474.0,480.0,256934,256934.0,0.3079818785190582,0.012019268237054348
1920,adam,0.1398123949766159,0.13970372080802917,2.8827074061155145e-07,2.772952996110689e-07,0.13970372080802917,8.648122218346543e-05,2.2183623968885513e-05,0.13981238565418153,35894.63671875,0.00013664033031091094,0.00013310174108482897,256934.0,474.0,480.0,256934,256934.0,0.30798035860061646,0.012019398622214794
1940,adam,0.13981229066848755,0.13970361649990082,2.882965191020048e-07,2.7730467877518095e-07,0.13970361649990082,8.648895573060145e-05,2.2184374302014476e-05,0.13981228982993343,35894.609375,0.00013665255391970277,0.00013310625217854977,256934.0,474.0,480.0,256934,256934.0,0.30798256397247314,0.012019508518278599
1960,adam,0.13981226086616516,0.13970358669757843,2.882932221837109e-07,2.773040819192829e-07,0.13970358669757843,8.648796665511327e-05,2.2184326553542633e-05,0.13981225899078709,35894.6015625,0.0001366509823128581,0.0001331059611402452,256934.0,474.0,480.0,256934,256934.0,0.3079826533794403,0.012019476853311062
1980,adam,0.1398123800754547,0.13970370590686798,2.8830260134782293e-07,2.773068104033882e-07,0.13970370590686798,8.649078040434688e-05,2.2184544832271058e-05,0.1398123812321046,35894.6328125,0.00013665543519891798,0.00013310727081261575,256934.0,474.0,480.0,256934,256934.0,0.30798283219337463,0.012019465677440166
2000,adam,0.09289665520191193,0.09278798848390579,2.882816545479727e-07,2.773004439404758e-07,0.09278798848390579,8.648449636439182e-05,2.2184035515238065e-05,0.09289665701578542,21487.37890625,0.00013664551079273224,0.0001331042149104178,231575.0,474.0,480.0,231575,231575.0,0.26132968068122864,0.012019471265375614
2020,adam,0.09239700436592102,0.0923367515206337,1.4377323509506823e-07,2.1400461491793976e-07,0.0923367515206337,4.313197052852047e-05,1.712036919343518e-05,0.09239700386035565,21382.8828125,6.814851076342165e-05,0.00010272221697960049,231575.0,474.0,480.0,231575,231575.0,0.2597392499446869,0.01198648288846016
2040,adam,0.09124843031167984,0.09120123088359833,1.0626323643236901e-07,1.9150580499172065e-07,0.09120123088359833,3.1878970929710704e-05,1.5320464399337652e-05,0.09124843031892738,21119.92578125,5.036877337261103e-05,9.192278957925737e-05,231575.0,474.0,480.0,231575,231575.0,0.257895827293396,0.011848360300064087
2060,adam,0.09106205403804779,0.09101834893226624,9.678279155878045e-08,1.833700764564128e-07,0.09101834893226624,2.9034837467634134e-05,1.4669606116513023e-05,0.09106205337585038,21077.57421875,4.5875043724663556e-05,8.801763760857284e-05,231575.0,474.0,480.0,231575,231575.0,0.25738731026649475,0.011729158461093903
2080,adam,0.09101204574108124,0.09096967428922653,9.327012406856738e-08,1.7984781663926697e-07,0.09096967428922653,2.7981037220570215e-05,1.4387825331141357e-05,0.09101204315177824,21066.302734375,4.421003905008547e-05,8.63269524415955e-05,231575.0,474.0,480.0,231575,231575.0,0.25720345973968506,0.011642123572528362
2100,adam,0.09099111706018448,0.09094955772161484,9.118556931753119e-08,1.7749566438851616e-07,0.09094955772161484,2.7355670795259357e-05,1.4199653151081293e-05,0.09099111304556118,21061.64453125,4.3221960368100554e-05,8.519792027072981e-05,231575.0,474.0,480.0,231575,231575.0,0.2570531666278839,0.011567022651433945
2120,adam,0.09097961336374283,0.09093834459781647,9.048900295738349e-08,1.7646422634243208e-07,0.09093834459781647,2.7146700887215047e-05,1.4117138107394567e-05,0.09097960843681108,21059.046875,4.289178832550533e-05,8.47028277348727e-05,231575.0,474.0,480.0,231575,231575.0,0.2569531500339508,0.011506368406116962
2140,adam,0.09097278118133545,0.09093170613050461,9.003358059089805e-08,1.7579722566551936e-07,0.09093170613050461,2.7010074177269416e-05,1.4063778053241549e-05,0.09097277998273512,21057.509765625,4.267591793905012e-05,8.43826710479334e-05,231575.0,474.0,480.0,231575,231575.0,0.2568768262863159,0.01145922765135765
2160,adam,0.09096876531839371,0.09092780947685242,8.975829501878252e-08,1.7537223584440653e-07,0.09092780947685242,2.6927488505634756e-05,1.4029778867552523e-05,0.0909687667442256,21056.607421875,4.254543091519736e-05,8.417867502430454e-05,231575.0,474.0,480.0,231575,231575.0,0.25682127475738525,0.01142280176281929
2180,adam,0.09096620976924896,0.09092532098293304,8.96107223979925e-08,1.7512553540655063e-07,0.09092532098293304,2.688321671939775e-05,1.401004283252405e-05,0.09096621424248497,21056.03125,4.2475483496673405e-05,8.40602588141337e-05,231575.0,474.0,480.0,231575,231575.0,0.25677990913391113,0.011394945904612541
2200,adam,0.09096460789442062,0.0909237489104271,8.952483909752118e-08,1.7497200133220758e-07,0.0909237489104271,2.6857451729256354e-05,1.3997760106576607e-05,0.09096460412226293,21055.66796875,4.243477451382205e-05,8.398656063945964e-05,231575.0,474.0,480.0,231575,231575.0,0.2567489743232727,0.011374182067811489
2220,adam,0.09096366912126541,0.09092283993959427,8.946884832994328e-08,1.7487597858689696e-07,0.09092283993959427,2.6840654498982985e-05,1.3990078286951757e-05,0.0909636706723802,21055.45703125,4.2408235458424315e-05,8.394046744797379e-05,231575.0,474.0,480.0,231575,231575.0,0.2567245662212372,0.011358418501913548
2240,adam,0.09096314758062363,0.09092233330011368,8.943501228486639e-08,1.748152413938442e-07,0.09092233330011368,2.6830503685459917e-05,1.3985219311507535e-05,0.09096314902311065,21055.33984375,4.239219560986385e-05,8.391131268581375e-05,231575.0,474.0,480.0,231575,231575.0,0.256706178188324,0.011346484534442425
2260,adam,0.09096276760101318,0.09092196077108383,8.941921691985044e-08,1.747818743069729e-07,0.09092196077108383,2.6825765075955132e-05,1.3982549944557832e-05,0.09096276908610434,21055.25390625,4.238470864947885e-05,8.389529830310494e-05,231575.0,474.0,480.0,231575,231575.0,0.25669240951538086,0.011337474919855595
2280,adam,0.09096241742372513,0.09092161059379578,8.941263018868995e-08,1.7476585867370886e-07,0.09092161059379578,2.6823789056606984e-05,1.3981268693896709e-05,0.09096241565154628,21055.171875,4.238158726366237e-05,8.388761489186436e-05,231575.0,474.0,480.0,231575,231575.0,0.25668108463287354,0.011330975219607353
2300,adam,0.09096232801675797,0.09092152863740921,8.941081830471376e-08,1.7475555580404034e-07,0.09092152863740921,2.6823245491414127e-05,1.3980444464323227e-05,0.09096233232736495,21055.15234375,4.2380728700663894e-05,8.388266724068671e-05,231575.0,474.0,480.0,231575,231575.0,0.2566717267036438,0.011326014064252377
2320,adam,0.09096234291791916,0.0909215435385704,8.941175622112496e-08,1.7475264257882372e-07,0.0909215435385704,2.6823526866337488e-05,1.3980211406305898e-05,0.09096234727684305,21055.15625,4.238117253407836e-05,8.388127025682479e-05,231575.0,474.0,480.0,231575,231575.0,0.2566662132740021,0.011322126723825932
2340,adam,0.09096217155456543,0.09092137217521667,8.94109959403977e-08,1.7475211677719926e-07,0.09092137217521667,2.682329878211931e-05,1.3980169342175941e-05,0.09096217564334097,21055.1171875,4.238081237417646e-05,8.38810155983083e-05,231575.0,474.0,480.0,231575,231575.0,0.25666096806526184,0.011319194920361042
2360,adam,0.09096209704875946,0.0909212976694107,8.941056961475624e-08,1.7475301206104632e-07,0.0909212976694107,2.6823170884426872e-05,1.3980240964883706e-05,0.09096210108126002,21055.099609375,4.238060864736326e-05,8.388144487980753e-05,231575.0,474.0,480.0,231575,231575.0,0.25665706396102905,0.011317011900246143
2380,adam,0.09096211940050125,0.0909213200211525,8.941433549125577e-08,1.747571047872043e-07,0.0909213200211525,2.682430064737673e-05,1.3980568382976344e-05,0.09096212489018285,21055.10546875,4.238239489495754e-05,8.388340938836336e-05,231575.0,474.0,480.0,231575,231575.0,0.2566542327404022,0.011315387673676014
2400,adam,0.0909620150923729,0.09092120826244354,8.941986351373998e-08,1.7476226332746592e-07,0.09092120826244354,2.6825959054121995e-05,1.3980981066197273e-05,0.09096201520256386,21055.078125,4.238501423969865e-05,8.388588321395218e-05,231575.0,474.0,480.0,231575,231575.0,0.2566510736942291,0.011314230971038342
2420,adam,0.09096207469701767,0.09092126786708832,8.941863427480712e-08,1.7476277491823566e-07,0.09092126786708832,2.6825590282442136e-05,1.3981021993458853e-05,0.09096207447936422,21055.091796875,4.2384432163089514e-05,8.388613059651107e-05,231575.0,474.0,480.0,231575,231575.0,0.25664958357810974,0.011313262395560741
2440,adam,0.09096208959817886,0.09092127531766891,8.942336648942728e-08,1.7476847347097646e-07,0.09092127531766891,2.6827009946828184e-05,1.3981477877678117e-05,0.09096208380549342,21055.09375,4.238667679601349e-05,8.3888866356574e-05,231575.0,474.0,480.0,231575,231575.0,0.25664764642715454,0.011312601156532764
2460,adam,0.09096211940050125,0.0909213051199913,8.942112117438228e-08,1.747683171515746e-07,0.0909213051199913,2.6826336352314684e-05,1.3981465372125967e-05,0.09096211292171574,21055.1015625,4.238561086822301e-05,8.388879359699786e-05,231575.0,474.0,480.0,231575,231575.0,0.25664636492729187,0.011311996728181839
2480,adam,0.0909620001912117,0.09092118591070175,8.942531337652326e-08,1.7477333358328906e-07,0.09092118591070175,2.682759401295698e-05,1.3981866686663125e-05,0.09096199537140137,21055.07421875,4.2387597204651684e-05,8.389120193896815e-05,231575.0,474.0,480.0,231575,231575.0,0.25664591789245605,0.011311606504023075
2500,adam,0.09096208959817886,0.09092127531766891,8.942732421246546e-08,1.7477522362696618e-07,0.09092127531766891,2.682819726373964e-05,1.3982017890157294e-05,0.09096208553282281,21055.09375,4.238855035509914e-05,8.389210415771231e-05,231575.0,474.0,480.0,231575,231575.0,0.2566445469856262,0.011311246082186699
2520,adam,0.09096203744411469,0.09092122316360474,8.942821239088516e-08,1.7477789526765264e-07,0.09092122316360474,2.682846371726555e-05,1.3982231621412211e-05,0.09096203385894341,21055.08203125,4.2388972360640764e-05,8.389339200221002e-05,231575.0,474.0,480.0,231575,231575.0,0.2566436529159546,0.01131105050444603
2540,adam,0.09096205234527588,0.09092123806476593,8.942786422494464e-08,1.7477908897944872e-07,0.09092123806476593,2.6828359267483393e-05,1.3982327118355897e-05,0.09096204875115177,21055.0859375,4.2388808651594445e-05,8.389395952690393e-05,231575.0,474.0,480.0,231575,231575.0,0.2566428780555725,0.011310841888189316
2560,adam,0.09096208959817886,0.09092127531766891,8.943333540401e-08,1.747825280062898e-07,0.09092127531766891,2.6830000621203e-05,1.3982602240503184e-05,0.09096208792053062,21055.09375,4.23914025304839e-05,8.389561116928235e-05,231575.0,474.0,480.0,231575,231575.0,0.2566433548927307,0.011310678906738758
2580,adam,0.09096208959817886,0.09092127531766891,8.942943452439067e-08,1.7478222957834078e-07,0.09092127531766891,2.68288303573172e-05,1.3982578366267262e-05,0.0909620867263925,21055.09375,4.238955079927109e-05,8.389547292608768e-05,231575.0,474.0,480.0,231575,231575.0,0.256642609834671,0.011310601606965065
2600,adam,0.09096211194992065,0.0909212976694107,8.943326434973642e-08,1.7478326697073499e-07,0.0909212976694107,2.6829979304920926e-05,1.3982661357658799e-05,0.09096211031007329,21055.099609375,4.239136615069583e-05,8.389596769120544e-05,231575.0,474.0,480.0,231575,231575.0,0.25664252042770386,0.011310458183288574
2620,adam,0.09096205234527588,0.09092123806476593,8.943125351379422e-08,1.7478379277235945e-07,0.09092123806476593,2.6829376054138265e-05,1.3982703421788756e-05,0.09096205014424186,21055.0859375,4.239041300024837e-05,8.389622234972194e-05,231575.0,474.0,480.0,231575,231575.0,0.256641685962677,0.011310441419482231
2640,adam,0.0909619852900505,0.09092117100954056,8.943310803033455e-08,1.7478583913543844e-07,0.09092117100954056,2.6829932409100365e-05,1.3982867130835075e-05,0.0909619838090805,21055.0703125,4.239129339111969e-05,8.389720460399985e-05,231575.0,474.0,480.0,231575,231575.0,0.25664234161376953,0.01131037250161171
2660,adam,0.09096215665340424,0.09092134237289429,8.942956242208311e-08,1.7478410541116318e-07,0.09092134237289429,2.6828868726624933e-05,1.3982728432893055e-05,0.0909621539700538,21055.109375,4.238961264491081e-05,8.389636786887422e-05,231575.0,474.0,480.0,231575,231575.0,0.25664186477661133,0.011310339905321598
2680,adam,0.09096208959817886,0.09092127531766891,8.943195695110262e-08,1.7478558334005356e-07,0.09092127531766891,2.6829587085330786e-05,1.3982846667204285e-05,0.09096208775142145,21055.09375,4.2390747694298625e-05,8.389708091272041e-05,231575.0,474.0,480.0,231575,231575.0,0.256641685962677,0.011310295201838017
2700,adam,0.0909620001912117,0.09092118591070175,8.943165141772624e-08,1.747852422795404e-07,0.09092118591070175,2.6829495425317873e-05,1.3982819382363232e-05,0.09096199822550943,21055.07421875,4.239060217514634e-05,8.389691356569529e-05,231575.0,474.0,480.0,231575,231575.0,0.2566419541835785,0.011310292407870293
2720,adam,0.09096206724643707,0.09092125296592712,8.943470675149001e-08,1.747864502021912e-07,0.09092125296592712,2.6830412025447004e-05,1.3982916016175295e-05,0.09096206629396875,21055.08984375,4.2392050090711564e-05,8.389749564230442e-05,231575.0,474.0,480.0,231575,231575.0,0.25664129853248596,0.011310204863548279
2740,adam,0.09096202999353409,0.09092121571302414,8.943080587187069e-08,1.747863649370629e-07,0.09092121571302414,2.6829241761561207e-05,1.3982909194965032e-05,0.09096202786398067,21055.080078125,4.239020199747756e-05,8.389745198655874e-05,231575.0,474.0,480.0,231575,231575.0,0.2566419839859009,0.011310206726193428
2760,adam,0.09096211194992065,0.0909212976694107,8.943626994550868e-08,1.7478883762578334e-07,0.0909212976694107,2.6830880983652605e-05,1.3983107010062668e-05,0.09096211165740442,21055.099609375,4.239279223838821e-05,8.389864524360746e-05,231575.0,474.0,480.0,231575,231575.0,0.2566412687301636,0.011310199275612831
2780,adam,0.09096211194992065,0.0909212976694107,8.943509044456732e-08,1.7478853919783433e-07,0.0909212976694107,2.6830527133370197e-05,1.3983083135826746e-05,0.0909621112796799,21055.099609375,4.239223198965192e-05,8.389849972445518e-05,231575.0,474.0,480.0,231575,231575.0,0.25664204359054565,0.01131016667932272
2800,adam,0.09096215665340424,0.09092134237289429,8.943361251567694e-08,1.7478853919783433e-07,0.09092134237289429,2.6830083754703082e-05,1.3983083135826746e-05,0.09096215553978482,21055.109375,4.239153349772096e-05,8.389849972445518e-05,231575.0,474.0,480.0,231575,231575.0,0.25664177536964417,0.011310202069580555
2820,adam,0.09096205979585648,0.09092124551534653,8.943571572217479e-08,1.7478848235441546e-07,0.09092124551534653,2.6830714716652437e-05,1.3983078588353237e-05,0.09096205930865153,21055.087890625,4.23925303039141e-05,8.389847062062472e-05,231575.0,474.0,480.0,231575,231575.0,0.2566411793231964,0.011310248635709286
2840,adam,0.09096202254295349,0.09092120826244354,8.943609230982474e-08,1.747898323856134e-07,0.09092120826244354,2.6830827692947423e-05,1.3983186590849073e-05,0.09096202227672734,21055.078125,4.239270856487565e-05,8.389911818085238e-05,231575.0,474.0,480.0,231575,231575.0,0.256641149520874,0.0113101527094841
2860,adam,0.09096205234527588,0.09092123806476593,8.943550255935406e-08,1.7478866709552676e-07,0.09092123806476593,2.683065076780622e-05,1.3983093367642141e-05,0.09096205180890138,21055.0859375,4.23924284405075e-05,8.389855793211609e-05,231575.0,474.0,480.0,231575,231575.0,0.2566414177417755,0.01131015457212925
2880,adam,0.09096220880746841,0.09092139452695847,8.943636231606433e-08,1.7478986080732284e-07,0.09092139452695847,2.68309086948193e-05,1.3983188864585827e-05,0.09096220862451787,21055.12109375,4.2392835894133896e-05,8.389913273276761e-05,231575.0,474.0,480.0,231575,231575.0,0.25664156675338745,0.011310220696032047
2900,adam,0.0909619852900505,0.09092117100954056,8.943676732542372e-08,1.7479000291587e-07,0.09092117100954056,2.6831030197627115e-05,1.39832002332696e-05,0.09096198523997145,21055.0703125,4.239302870701067e-05,8.389919821638614e-05,231575.0,474.0,480.0,231575,231575.0,0.25664132833480835,0.011310115456581116
2920,adam,0.09096212685108185,0.0909213125705719,8.943671048200486e-08,1.7479032976552844e-07,0.0909213125705719,2.6831013144601457e-05,1.3983226381242275e-05,0.09096212681009774,21055.103515625,4.2392999603180215e-05,8.389935828745365e-05,231575.0,474.0,480.0,231575,231575.0,0.25664135813713074,0.011310187168419361
2940,adam,0.09096209704875946,0.09092128276824951,8.943523965854183e-08,1.7478947711424553e-07,0.09092128276824951,2.683057189756255e-05,1.3983158169139642e-05,0.09096209649831621,21055.095703125,4.239230474922806e-05,8.389895083382726e-05,231575.0,474.0,480.0,231575,231575.0,0.2566412091255188,0.01131017878651619
2960,adam,0.09096211194992065,0.0909212976694107,8.94342733204212e-08,1.7478859604125319e-07,0.0909212976694107,2.683028199612636e-05,1.3983087683300255e-05,0.09096211103909013,21055.099609375,4.239184636389837e-05,8.389852882828563e-05,231575.0,474.0,480.0,231575,231575.0,0.25664159655570984,0.011310146190226078
2980,adam,0.09096214920282364,0.09092133492231369,8.943349172341186e-08,1.7478781444424385e-07,0.09092133492231369,2.683004751702356e-05,1.3983025155539508e-05,0.09096214799498625,21055.107421875,4.239147529006004e-05,8.38981504784897e-05,231575.0,474.0,480.0,231575,231575.0,0.25664159655570984,0.011310174129903316
3000,adam,0.06717173010110855,0.0671309158205986,8.943154483631588e-08,1.7478731706432882e-07,0.0671309158205986,2.6829463450894764e-05,1.3982985365146305e-05,0.06717172826941464,14010.021484375,4.239055124344304e-05,8.389791037188843e-05,208697.0,474.0,480.0,208697,208697.0,0.22547177970409393,0.011310144327580929
3020,adam,0.0665978342294693,0.06656255573034286,7.365697740624455e-08,1.647616585387368e-07,0.06656255573034286,2.2097093221873365e-05,1.3180932683098945e-05,0.06659783375624784,13891.40625,3.491340612526983e-05,7.908559928182513e-05,208697.0,474.0,480.0,208697,208697.0,0.22381126880645752,0.011100105941295624
3040,adam,0.06640708446502686,0.06637316942214966,7.048031136491772e-08,1.59666512900003e-07,0.06637316942214966,2.1144093409475317e-05,1.277332103200024e-05,0.06640708683659113,13851.880859375,3.340766852488741e-05,7.663992437301204e-05,208697.0,474.0,480.0,208697,208697.0,0.22328126430511475,0.01078998576849699
3060,adam,0.06627047061920166,0.0662364736199379,7.158291737141553e-08,1.5654751450711046e-07,0.0662364736199379,2.147487521142466e-05,1.2523801160568837e-05,0.06627047229630989,13823.353515625,3.3930304198293015e-05,7.514280878240243e-05,208697.0,474.0,480.0,208697,208697.0,0.22294627130031586,0.01050226017832756
3080,adam,0.06617394089698792,0.06614026427268982,7.125085943471277e-08,1.5375293571651127e-07,0.06614026427268982,2.137525783041383e-05,1.2300234857320902e-05,0.06617393976537755,13803.275390625,3.377290704520419e-05,7.380140596069396e-05,208697.0,474.0,480.0,208697,208697.0,0.22264131903648376,0.010262856259942055
3100,adam,0.06610353291034698,0.06607015430927277,7.088832632007325e-08,1.514654002221505e-07,0.06607015430927277,2.1266497896021974e-05,1.211723201777204e-05,0.06610353803918656,13788.642578125,3.3601067116251215e-05,7.270339119713753e-05,208697.0,474.0,480.0,208697,208697.0,0.22242359817028046,0.010063177905976772
3120,adam,0.06605137884616852,0.06601828336715698,7.043703220688258e-08,1.4953639038139954e-07,0.06601828336715698,2.1131109662064773e-05,1.1962911230511963e-05,0.06605137738804956,13777.818359375,3.338715396239422e-05,7.177746738307178e-05,208697.0,474.0,480.0,208697,208697.0,0.22224709391593933,0.00992224644869566
3140,adam,0.06601259112358093,0.0659797415137291,7.004277335909137e-08,1.4794365199577442e-07,0.0659797415137291,2.101283200772741e-05,1.1835492159661953e-05,0.06601258983789648,13769.7734375,3.320027462905273e-05,7.101295341271907e-05,208697.0,474.0,480.0,208697,208697.0,0.22210705280303955,0.009844369255006313
3160,adam,0.06598342955112457,0.06595078855752945,6.970207522272176e-08,1.4662273883914168e-07,0.06595078855752945,2.0910622566816528e-05,1.1729819107131334e-05,0.0659834289992034,13763.732421875,3.303878474980593e-05,7.03789119143039e-05,208697.0,474.0,480.0,208697,208697.0,0.22199542820453644,0.00977671705186367
3180,adam,0.06596142798662186,0.06592895835638046,6.941261432302781e-08,1.4551930860307039e-07,0.06592895835638046,2.0823784296908343e-05,1.164154468824563e-05,0.06596142368536562,13759.17578125,3.290157837909646e-05,6.984926585573703e-05,208697.0,474.0,480.0,208697,208697.0,0.2219047099351883,0.009717769920825958
3200,adam,0.06594477593898773,0.06591245532035828,6.917691308672147e-08,1.445977062530801e-07,0.06591245532035828,2.075307392601644e-05,1.1567816500246408e-05,0.06594477621078454,13755.732421875,3.278985604993068e-05,6.94069021847099e-05,208697.0,474.0,480.0,208697,208697.0,0.22183097898960114,0.0096664447337389
3220,adam,0.06593214720487595,0.06589994579553604,6.898310545011554e-08,1.4382432311776938e-07,0.06589994579553604,2.0694931635034663e-05,1.150594584942155e-05,0.0659321466730205,13753.12109375,3.2697993447072804e-05,6.903567555127665e-05,208697.0,474.0,480.0,208697,208697.0,0.22177031636238098,0.009621658362448215
3240,adam,0.06592237949371338,0.06589028239250183,6.882492442628063e-08,1.431720448863416e-07,0.06589028239250183,2.064747732788419e-05,1.1453763590907329e-05,0.06592238363342062,13751.103515625,3.2623014703858644e-05,6.872258381918073e-05,208697.0,474.0,480.0,208697,208697.0,0.22172017395496368,0.009582488797605038
3260,adam,0.06591486930847168,0.0658828541636467,6.86964582996552e-08,1.426203226628786e-07,0.0658828541636467,2.060893748989656e-05,1.1409625813030289e-05,0.06591487272694962,13749.5537109375,3.256212221458554e-05,6.845775351393968e-05,208697.0,474.0,480.0,208697,208697.0,0.22167854011058807,0.009548121131956577
3280,adam,0.06590904295444489,0.06587709486484528,6.859467305275757e-08,1.4215386556770682e-07,0.06587709486484528,2.057840191582727e-05,1.1372309245416545e-05,0.06590904557600652,13748.3525390625,3.251387533964589e-05,6.823385774623603e-05,208697.0,474.0,480.0,208697,208697.0,0.22164331376552582,0.009517944417893887
3300,adam,0.06590455025434494,0.06587265431880951,6.851411882280445e-08,1.4175756746226398e-07,0.06587265431880951,2.0554235646841335e-05,1.1340605396981118e-05,0.06590454915985333,13747.42578125,3.247569111408666e-05,6.804363511037081e-05,208697.0,474.0,480.0,208697,208697.0,0.2216137796640396,0.00949129369109869
3320,adam,0.06590083241462708,0.06586898863315582,6.845108657671517e-08,1.4142075599465898e-07,0.06586898863315582,2.053532597301455e-05,1.1313660479572718e-05,0.06590083761960841,13746.66015625,3.244581603212282e-05,6.788196333218366e-05,208697.0,474.0,480.0,208697,208697.0,0.22158850729465485,0.009467770345509052
3340,adam,0.06589801609516144,0.06586620956659317,6.839756849785772e-08,1.4113142299265746e-07,0.06586620956659317,2.0519270549357316e-05,1.1290513839412597e-05,0.06589801935098194,13746.080078125,3.242044840590097e-05,6.774307985324413e-05,208697.0,474.0,480.0,208697,208697.0,0.2215670943260193,0.009446946904063225
3360,adam,0.06589584052562714,0.06586405634880066,6.835949761807569e-08,1.4088540467582789e-07,0.06586405634880066,2.0507849285422708e-05,1.127083237406623e-05,0.06589583503046015,13745.630859375,3.240240039303899e-05,6.762499106116593e-05,208697.0,474.0,480.0,208697,208697.0,0.22154882550239563,0.009428480640053749
3380,adam,0.06589402258396149,0.065862275660038,6.832750187868442e-08,1.4067261133732245e-07,0.065862275660038,2.0498250563605325e-05,1.1253808906985796e-05,0.06589402771950859,13745.259765625,3.238723729737103e-05,6.752285116817802e-05,208697.0,474.0,480.0,208697,208697.0,0.2215328812599182,0.009412016719579697
3400,adam,0.06589255481958389,0.06586083024740219,6.830258314494131e-08,1.404886802447436e-07,0.06586083024740219,2.0490774943482393e-05,1.1239094419579487e-05,0.06589256011676525,13744.95703125,3.23754247801844e-05,6.743456469848752e-05,208697.0,474.0,480.0,208697,208697.0,0.22151906788349152,0.009397333487868309
3420,adam,0.06589144468307495,0.06585973501205444,6.828344822906729e-08,1.4033120976364444e-07,0.06585973501205444,2.0485034468720187e-05,1.1226496781091555e-05,0.06589144654330426,13744.728515625,3.2366355299018323e-05,6.735898205079138e-05,208697.0,474.0,480.0,208697,208697.0,0.2215074598789215,0.009384224191308022
3440,adam,0.06589043885469437,0.06585874408483505,6.82685481478984e-08,1.4019354921401828e-07,0.06585874408483505,2.048056444436952e-05,1.1215483937121462e-05,0.06589044013321654,13744.5224609375,3.235929034417495e-05,6.729290180373937e-05,208697.0,474.0,480.0,208697,208697.0,0.2214967906475067,0.009372464381158352
3460,adam,0.06588966399431229,0.06585798412561417,6.825796816656293e-08,1.40074007504154e-07,0.06585798412561417,2.047739044996888e-05,1.120592060033232e-05,0.06588966743666447,13744.36328125,3.235427720937878e-05,6.723552360199392e-05,208697.0,474.0,480.0,208697,208697.0,0.22148773074150085,0.00936187244951725
3480,adam,0.06588908284902573,0.0658574104309082,6.824927822890459e-08,1.3996971404139913e-07,0.0658574104309082,2.0474783468671376e-05,1.119757712331193e-05,0.06588908279150019,13744.244140625,3.235015901736915e-05,6.718546501360834e-05,208697.0,474.0,480.0,208697,208697.0,0.22147980332374573,0.009352345019578934
3500,adam,0.06588862091302872,0.06585695594549179,6.824505760505417e-08,1.3987992986130848e-07,0.06585695594549179,2.047351728151625e-05,1.1190394388904679e-05,0.06588861985716221,13744.1494140625,3.234815812902525e-05,6.714236951665953e-05,208697.0,474.0,480.0,208697,208697.0,0.2214728146791458,0.009343787096440792
3520,adam,0.06588821113109589,0.06585655361413956,6.824006959504914e-08,1.3979958168874873e-07,0.06585655361413956,2.047202087851474e-05,1.1183966535099898e-05,0.06588820960155317,13744.064453125,3.234579344280064e-05,6.710379966534674e-05,208697.0,474.0,480.0,208697,208697.0,0.22146664559841156,0.009336038492619991
3540,adam,0.0658879205584526,0.06585627049207687,6.823604081773738e-08,1.397294369098745e-07,0.06585627049207687,2.0470812245321213e-05,1.117835495278996e-05,0.06588791965927498,13744.0068359375,3.234388350392692e-05,6.70701265335083e-05,208697.0,474.0,480.0,208697,208697.0,0.22146111726760864,0.00932900421321392
3560,adam,0.06588754802942276,0.06585590541362762,6.823400156008574e-08,1.3966725020964077e-07,0.06585590541362762,2.0470200468025723e-05,1.1173380016771262e-05,0.06588754899411242,13743.9306640625,3.234291580156423e-05,6.704028055537492e-05,208697.0,474.0,480.0,208697,208697.0,0.22145603597164154,0.00932261161506176
3580,adam,0.06588730216026306,0.06585566699504852,6.823375287012823e-08,1.3961289369035512e-07,0.06585566699504852,2.047012586103847e-05,1.116903149522841e-05,0.06588730615240479,13743.880859375,3.2342799386242405e-05,6.701418897137046e-05,208697.0,474.0,480.0,208697,208697.0,0.22145168483257294,0.009316791780292988
3600,adam,0.06588707119226456,0.06585543602705002,6.823444209658192e-08,1.3956466204945173e-07,0.06585543602705002,2.0470332628974575e-05,1.1165172963956138e-05,0.06588707153264295,13743.83203125,3.234312680433504e-05,6.699103687424213e-05,208697.0,474.0,480.0,208697,208697.0,0.22144775092601776,0.009311487898230553
3620,adam,0.06588704138994217,0.06585540622472763,6.823529474786483e-08,1.395218163224854e-07,0.06585540622472763,2.0470588424359448e-05,1.1161745305798831e-05,0.06588703855845779,13743.8251953125,3.234353061998263e-05,6.697047501802444e-05,208697.0,474.0,480.0,208697,208697.0,0.2214445173740387,0.00930664874613285
3640,adam,0.06588692218065262,0.06585528701543808,6.823803744282486e-08,1.3948495336535416e-07,0.06585528701543808,2.047141123284746e-05,1.1158796269228333e-05,0.06588691722294016,13743.80078125,3.234482937841676e-05,6.695277988910675e-05,208697.0,474.0,480.0,208697,208697.0,0.22144126892089844,0.009302216582000256
3660,adam,0.06588660925626755,0.0658549815416336,6.824070197808396e-08,1.39451330483098e-07,0.0658549815416336,2.047221059342519e-05,1.115610643864784e-05,0.06588660985866568,13743.736328125,3.234609175706282e-05,6.693664181511849e-05,208697.0,474.0,480.0,208697,208697.0,0.22143787145614624,0.009298157878220081
3680,adam,0.06588657945394516,0.06585495173931122,6.824188147902532e-08,1.3942056398263958e-07,0.06585495173931122,2.0472564443707597e-05,1.1153645118611166e-05,0.06588657794887354,13743.73046875,3.2346652005799115e-05,6.69218716211617e-05,208697.0,474.0,480.0,208697,208697.0,0.22143544256687164,0.009294413030147552
3700,adam,0.06588637083768845,0.0658547431230545,6.824376441727509e-08,1.3939295229192794e-07,0.0658547431230545,2.0473129325182526e-05,1.1151436183354235e-05,0.06588636768856304,13743.6875,3.234754331060685e-05,6.690861482638866e-05,208697.0,474.0,480.0,208697,208697.0,0.2214328944683075,0.009290958754718304
3720,adam,0.06588640809059143,0.06585478782653809,6.824500786706267e-08,1.393680548744669e-07,0.06585478782653809,2.04735023601188e-05,1.1149444389957353e-05,0.06588641077328816,13743.697265625,3.23481326631736e-05,6.689666770398617e-05,208697.0,474.0,480.0,208697,208697.0,0.22143098711967468,0.009287796914577484
3740,adam,0.06588644534349442,0.06585482507944107,6.824518550274661e-08,1.3934501907897356e-07,0.06585482507944107,2.0473555650823982e-05,1.1147601526317885e-05,0.06588644623661821,13743.705078125,3.2348216336686164e-05,6.688560824841261e-05,208697.0,474.0,480.0,208697,208697.0,0.22142915427684784,0.009284807369112968
3760,adam,0.06588630378246307,0.06585468351840973,6.824832610163867e-08,1.3932525178006472e-07,0.06585468351840973,2.04744978304916e-05,1.1146020142405177e-05,0.06588630403638263,13743.6748046875,3.234970790799707e-05,6.687612039968371e-05,208697.0,474.0,480.0,208697,208697.0,0.22142718732357025,0.009282088838517666
3780,adam,0.06588620692491531,0.06585458666086197,6.825026588330729e-08,1.393069197774821e-07,0.06585458666086197,2.0475079764992188e-05,1.1144553582198569e-05,0.06588620629420916,13743.654296875,3.235062467865646e-05,6.686732376692817e-05,208697.0,474.0,480.0,208697,208697.0,0.2214253693819046,0.009279508143663406
3800,adam,0.06588616222143173,0.06585454195737839,6.82527954154466e-08,1.3929047781857662e-07,0.06585454195737839,2.047583862463398e-05,1.114323822548613e-05,0.06588616103422851,13743.6455078125,3.23518252116628e-05,6.685942935291678e-05,208697.0,474.0,480.0,208697,208697.0,0.2214238941669464,0.009277141653001308
3820,adam,0.06588617712259293,0.06585456430912018,6.825496257079067e-08,1.3927508746292006e-07,0.06585456430912018,2.04764887712372e-05,1.1142006997033604e-05,0.06588618280488845,13743.650390625,3.23528511216864e-05,6.685204425593838e-05,208697.0,474.0,480.0,208697,208697.0,0.22142256796360016,0.009274914860725403
3840,adam,0.06588620692491531,0.06585459411144257,6.825727894010925e-08,1.392613029338463e-07,0.06585459411144257,2.0477183682032774e-05,1.1140904234707705e-05,0.0658862121993593,13743.65625,3.235394979128614e-05,6.684542313450947e-05,208697.0,474.0,480.0,208697,208697.0,0.22142143547534943,0.00927282590419054
3860,adam,0.06588611006736755,0.0658544972538948,6.825895582096564e-08,1.392482147366536e-07,0.0658544972538948,2.047768674628969e-05,1.1139857178932289e-05,0.06588611479782003,13743.6357421875,3.2354746508644894e-05,6.683914398308843e-05,208697.0,474.0,480.0,208697,208697.0,0.22142009437084198,0.00927085429430008
3880,adam,0.06588608771562576,0.06585446745157242,6.826046927699281e-08,1.3923617814270983e-07,0.06585446745157242,2.0478140783097842e-05,1.1138894251416787e-05,0.06588608448660693,13743.6298828125,3.235546319046989e-05,6.683336687274277e-05,208697.0,474.0,480.0,208697,208697.0,0.22141897678375244,0.009269020520150661
3900,adam,0.06588611751794815,0.0658544972538948,6.826333276421792e-08,1.3922611685757147e-07,0.0658544972538948,2.0478999829265376e-05,1.1138089348605718e-05,0.06588611434307268,13743.63671875,3.2356820156564936e-05,6.682853563688695e-05,208697.0,474.0,480.0,208697,208697.0,0.22141793370246887,0.009267274290323257
3920,adam,0.0658859834074974,0.06585436314344406,6.826549991956199e-08,1.392162261026897e-07,0.06585436314344406,2.0479649975868597e-05,1.1137298088215175e-05,0.06588598009150815,13743.607421875,3.2357846066588536e-05,6.68237917125225e-05,208697.0,474.0,480.0,208697,208697.0,0.2214166522026062,0.00926563423126936
3940,adam,0.06588595360517502,0.06585433334112167,6.826774523460699e-08,1.3920710273396253e-07,0.06585433334112167,2.0480323570382097e-05,1.1136568218717002e-05,0.06588595023291077,13743.6025390625,3.2358911994379014e-05,6.681941158603877e-05,208697.0,474.0,480.0,208697,208697.0,0.22141583263874054,0.009264077991247177
3960,adam,0.0658859834074974,0.06585436314344406,6.82693865883266e-08,1.3919846253429569e-07,0.06585436314344406,2.048081597649798e-05,1.1135877002743655e-05,0.0658859798364233,13743.607421875,3.235969052184373e-05,6.681526429019868e-05,208697.0,474.0,480.0,208697,208697.0,0.22141502797603607,0.009262598119676113
3980,adam,0.06588604301214218,0.06585442274808884,6.827175980106404e-08,1.3919115815497207e-07,0.06585442274808884,2.048152794031921e-05,1.1135292652397766e-05,0.06588603956868155,13743.62109375,3.236081465729512e-05,6.681175727862865e-05,208697.0,474.0,480.0,208697,208697.0,0.22141432762145996,0.009261203929781914
4000,adam,0.06588602066040039,0.06585440784692764,6.827381326957038e-08,1.391837969322296e-07,0.06585440784692764,2.0482143980871115e-05,1.1134703754578368e-05,0.06588602469466309,13743.6171875,3.2361785997636616e-05,6.680822116322815e-05,208697.0,474.0,480.0,208697,208697.0,0.22141358256340027,0.009259863756597042
4001,lbfgs_final,0.06588602066040039,0.06585440784692764,6.827381326957038e-08,1.391837969322296e-07,0.06585440784692764,2.0482143980871115e-05,1.1134703754578368e-05,0.06588602469466309,13743.6171875,3.2361785997636616e-05,6.680822116322815e-05,208697.0,474.0,480.0,208697,208697.0,0.22141358256340027,0.009259863756597042
4002,final,0.06588602066040039,0.06585440784692764,6.827381326957038e-08,1.391837969322296e-07,0.06585440784692764,2.0482143980871115e-05,1.1134703754578368e-05,0.06588602469466309,13743.6171875,3.2361785997636616e-05,6.680822116322815e-05,208697.0,474.0,480.0,208697,208697.0,0.22141358256340027,0.009259863756597042
