frame_idx,tracking_weight,tracking_raw,tracking_scaled,object_cd2d_weight,object_cd2d_raw,object_cd2d_scaled,object_part_cd2d_weight,object_part_cd2d_raw,object_part_cd2d_scaled,object_smooth_trans_weight,object_smooth_trans_raw,object_smooth_trans_scaled,object_smooth_rot_weight,object_smooth_rot_raw,object_smooth_rot_scaled,intersect_weight,intersect_raw,intersect_scaled,nocontact_weight,nocontact_raw,nocontact_scaled,contact_drift_weight,contact_drift_raw,contact_drift_scaled,total_raw_local,total_scaled_local
0,20.0,1.8968026779475622e-05,0.00037936054286547005,0.0001,113.16373443603516,0.011316373012959957,0.0001,226.64349365234375,0.022664349526166916,1000.0,0.0,0.0,1000.0,0.0,0.0,1.59,0.004229810554534197,0.006725398823618889,1000.0,0.003329508239403367,3.3295083045959473,167.41,0.0,0.0,339.8148193359375,3.370593786239624
1,20.0,1.7204631149070337e-05,0.0003440926084294915,0.0001,111.83460235595703,0.011183460243046284,0.0001,288.6771240234375,0.02886771224439144,1000.0,8.096328230067229e-08,8.09632838354446e-05,1000.0,2.5814631499088136e-07,0.0002581463195383549,1.59,0.0041027190163731575,0.006523323245346546,1000.0,0.0033547203056514263,3.3547203540802,167.41,1.9764313492487418e-06,0.0003308743762318045,400.5191955566406,3.402308940887451
2,20.0,1.5852239812375046e-05,0.0003170447889715433,0.0001,113.57501983642578,0.011357502080500126,0.0001,286.5575866699219,0.028655758127570152,1000.0,4.777884328177606e-07,0.0004777884460054338,1000.0,8.551921837351983e-07,0.0008551921928301454,1.59,0.004267697222530842,0.006785638630390167,1000.0,0.0034226751886308193,3.422675132751465,167.41,2.808396857290063e-06,0.0004701537254732102,400.14031982421875,3.4715943336486816
3,20.0,1.4418877981370315e-05,0.00028837757417932153,0.0001,112.55937957763672,0.01125593762844801,0.0001,285.4645690917969,0.02854645624756813,1000.0,1.3679945709554886e-07,0.00013679945550393313,1000.0,1.3906512776884483e-06,0.0013906513340771198,1.59,0.004147256724536419,0.006594138219952583,1000.0,0.0034644342958927155,3.4644343852996826,167.41,4.524395080807153e-06,0.000757428992073983,398.0315856933594,3.513404130935669
4,20.0,1.3059662705927622e-05,0.00026119325775653124,0.0001,111.31645202636719,0.011131645180284977,0.0001,286.7787170410156,0.028677871450781822,1000.0,7.831192760932026e-07,0.0007831192924641073,1000.0,3.2076841307571158e-06,0.003207684028893709,1.59,0.004351276438683271,0.006918529514223337,1000.0,0.0035140758845955133,3.514075994491577,167.41,5.099074314784957e-06,0.0008536360692232847,398.1030578613281,3.5659096240997314
5,20.0,1.1549574992386624e-05,0.00023099149984773248,0.0001,112.19883728027344,0.01121988333761692,0.0001,289.30657958984375,0.028930656611919403,1000.0,3.6965016647627635e-07,0.0003696501662489027,1000.0,3.5785367344942642e-06,0.0035785366781055927,1.59,0.004254902247339487,0.006765294820070267,1000.0,0.0035556841176003218,3.5556840896606445,167.41,1.0106155968969688e-05,0.0016918715555220842,401.51324462890625,3.608470916748047
6,20.0,1.0243003998766653e-05,0.00020486008725129068,0.0001,111.44520568847656,0.011144520714879036,0.0001,285.7101745605469,0.02857101708650589,1000.0,1.602054311433676e-07,0.00016020542534533888,1000.0,6.8943686528655235e-06,0.006894368678331375,1.59,0.004104674328118563,0.0065264324657619,1000.0,0.003624109784141183,3.6241097450256348,167.41,1.1696962246787734e-05,0.0019581886008381844,397.16314697265625,3.6795692443847656
7,20.0,9.076657079276629e-06,0.00018153313430957496,0.0001,113.42888641357422,0.011342888697981834,0.0001,291.12872314453125,0.02911287173628807,1000.0,1.7265487883832975e-07,0.0001726548798615113,1000.0,5.9557501117524225e-06,0.005955750122666359,1.59,0.004055566154420376,0.006448350381106138,1000.0,0.0037106305826455355,3.7106306552886963,167.41,1.4323328286991455e-05,0.002397868549451232,404.5653991699219,3.766242504119873
8,20.0,8.165984581864905e-06,0.0001633196952752769,0.0001,113.89618682861328,0.01138961873948574,0.0001,294.4003601074219,0.029440036043524742,1000.0,2.342596445714662e-07,0.00023425964172929525,1000.0,1.119882108469028e-05,0.011198821477591991,1.59,0.004086134023964405,0.006496953312307596,1000.0,0.0038216228131204844,3.821622848510742,167.41,1.7467551515437663e-05,0.0029242427553981543,408.30450439453125,3.883470058441162
9,20.0,7.387593996099895e-06,0.0001477518817409873,0.0001,116.20130157470703,0.011620129458606243,0.0001,294.74371337890625,0.029474370181560516,1000.0,2.4689197744010016e-06,0.0024689198471605778,1000.0,1.024454650178086e-05,0.010244546458125114,1.59,0.003639789065346122,0.005787264555692673,1000.0,0.00394855672493577,3.948556661605835,167.41,2.104091072396841e-05,0.003522458951920271,410.9526062011719,4.01182222366333
10,20.0,6.62322599964682e-06,0.0001324645127169788,0.0001,119.31720733642578,0.011931720189750195,0.0001,306.3713684082031,0.030637135729193687,1000.0,4.215108333482931e-07,0.00042151083471253514,1000.0,1.5248388081090525e-05,0.015248388051986694,1.59,0.0034826253540813923,0.005537374410778284,1000.0,0.004067955072969198,4.067955017089844,167.41,2.0986137315048836e-05,0.0035132893826812506,425.6961669921875,4.135376930236816
11,20.0,5.817555575049482e-06,0.00011635111150098965,0.0001,121.61770629882812,0.012161769904196262,0.0001,294.9012756347656,0.02949012629687786,1000.0,1.2562554729811382e-06,0.0012562554329633713,1000.0,1.1852025636471808e-05,0.011852025985717773,1.59,0.003773335600271821,0.005999603774398565,1000.0,0.004179246723651886,4.17924690246582,167.41,1.579191484779585e-05,0.00264372443780303,416.5269775390625,4.242766380310059
12,20.0,5.136295385455014e-06,0.00010272590589011088,0.0001,123.37429809570312,0.012337429448962212,0.0001,305.74432373046875,0.030574431642889977,1000.0,5.216767249294207e-07,0.0005216767312958837,1000.0,1.83077972906176e-05,0.018307797610759735,1.59,0.003381874179467559,0.005377179943025112,1000.0,0.004331672564148903,4.331672668457031,167.41,2.025037247221917e-05,0.003390114987269044,429.12640380859375,4.402284145355225
13,20.0,4.688144599640509e-06,9.376289381179959e-05,0.0001,126.71598052978516,0.012671597301959991,0.0001,307.6270751953125,0.030762705951929092,1000.0,7.804939059496974e-07,0.0007804938941262662,1000.0,1.4455899872700684e-05,0.014455899596214294,1.59,0.0032943696714937687,0.005238047800958157,1000.0,0.004454583860933781,4.454583644866943,167.41,1.257765143236611e-05,0.002105624647811055,434.350830078125,4.520691871643066
14,20.0,4.4776315917260945e-06,8.955263183452189e-05,0.0001,129.1799774169922,0.012917997315526009,0.0001,311.6851501464844,0.031168514862656593,1000.0,1.4239740266930312e-06,0.0014239740557968616,1000.0,1.713430719973985e-05,0.017134306952357292,1.59,0.0032859547063708305,0.005224667955189943,1000.0,0.004610574338585138,4.610574245452881,167.41,1.3566812413046136e-05,0.002271220088005066,440.873046875,4.680804252624512
15,20.0,4.408198037708644e-06,8.816395711619407e-05,0.0001,129.810791015625,0.012981078587472439,0.0001,308.49542236328125,0.03084954060614109,1000.0,2.198736183345318e-06,0.002198736183345318,1000.0,1.5299538063118234e-05,0.015299538150429726,1.59,0.003677059430629015,0.005846524611115456,1000.0,0.004720108583569527,4.720108509063721,167.41,1.7288422895944677e-05,0.002894254866987467,438.3146667480469,4.790266513824463
16,20.0,4.512424766289769e-06,9.024849714478478e-05,0.0001,131.1329345703125,0.01311329286545515,0.0001,318.9986267089844,0.03189986199140549,1000.0,4.074171329193632e-07,0.0004074171301908791,1000.0,1.724937101243995e-05,0.017249371856451035,1.59,0.0032464449759572744,0.0051618474535644054,1000.0,0.00480410922318697,4.8041090965271,167.41,1.7425805708626285e-05,0.0029172541107982397,450.1396484375,4.874948501586914
17,20.0,4.686532065534266e-06,9.373063949169591e-05,0.0001,132.35939025878906,0.013235938735306263,0.0001,323.2205810546875,0.03232205659151077,1000.0,1.262428668269422e-06,0.00126242870464921,1000.0,1.3613675037049688e-05,0.01361367478966713,1.59,0.003806018503382802,0.00605156971141696,1000.0,0.004861985333263874,4.861985206604004,167.41,1.348429486824898e-05,0.0022574057802557945,455.588623046875,4.930821895599365
18,20.0,5.0144603847002145e-06,0.0001002892095129937,0.0001,135.6566619873047,0.013565666042268276,0.0001,325.8070068359375,0.032580699771642685,1000.0,2.754944148364302e-07,0.00027549441438168287,1000.0,2.025142930506263e-05,0.020251428708434105,1.59,0.003529414301738143,0.005611768923699856,1000.0,0.004994475748389959,4.994475841522217,167.41,1.2300055459490977e-05,0.0020591523498296738,461.4722595214844,5.068920135498047
19,20.0,5.67029019293841e-06,0.0001134058038587682,0.0001,138.97764587402344,0.01389776449650526,0.0001,329.66650390625,0.032966651022434235,1000.0,5.696578000424779e-07,0.0005696577718481421,1000.0,1.4614477549912408e-05,0.014614477753639221,1.59,0.0034809759818017483,0.005534751806408167,1000.0,0.005065998528152704,5.065998554229736,167.41,8.090437404462136e-06,0.0013544202083721757,468.6527099609375,5.135049343109131
20,20.0,6.422975729947211e-06,0.00012845952005591244,0.0001,137.17132568359375,0.01371713262051344,0.0001,323.9732666015625,0.032397326081991196,1000.0,2.5687850779831933e-07,0.00025687849847599864,1000.0,2.176994166802615e-05,0.021769940853118896,1.59,0.003498101606965065,0.005561981815844774,1000.0,0.005078535992652178,5.078536033630371,167.41,5.0483172344684135e-06,0.0008451387984678149,461.1531982421875,5.153212547302246
21,20.0,7.19637455404154e-06,0.0001439274928998202,0.0001,139.5882568359375,0.01395882572978735,0.0001,330.7423400878906,0.033074233680963516,1000.0,4.982628070138162e-07,0.0004982628161087632,1000.0,1.6676043742336333e-05,0.0166760440915823,1.59,0.0036118761636316776,0.005742883309721947,1000.0,0.0050769285298883915,5.076928615570068,167.41,8.127761248033494e-06,0.0013606685679405928,470.33929443359375,5.148383617401123
22,20.0,7.964717042341363e-06,0.00015929434448480606,0.0001,136.45606994628906,0.01364560704678297,0.0001,331.1011657714844,0.0331101156771183,1000.0,7.239537467285118e-07,0.0007239537662826478,1000.0,2.698902244446799e-05,0.02698902226984501,1.59,0.0035234796814620495,0.005602332763373852,1000.0,0.005034405738115311,5.034405708312988,167.41,1.0696339813875966e-05,0.0017906742868945003,467.5658264160156,5.116426467895508
23,20.0,8.821807568892837e-06,0.00017643615137785673,0.0001,136.30697631835938,0.013630697503685951,0.0001,333.6556701660156,0.03336556628346443,1000.0,1.0564243666522088e-06,0.001056424342095852,1000.0,2.39454057009425e-05,0.023945406079292297,1.59,0.0033423504792153835,0.005314337555319071,1000.0,0.004957193974405527,4.957193851470947,167.41,1.4877055946271867e-05,0.0024905679747462273,469.9709777832031,5.037173271179199
24,20.0,9.81466564553557e-06,0.0001962933165486902,0.0001,133.34573364257812,0.013334573246538639,0.0001,333.1781921386719,0.033317819237709045,1000.0,6.048583713891276e-07,0.0006048583891242743,1000.0,3.256060881540179e-05,0.03256060928106308,1.59,0.003454039804637432,0.005491923540830612,1000.0,0.004858245607465506,4.858245372772217,167.41,3.1469418900087476e-05,0.005268295761197805,466.53228759765625,4.949019432067871
25,20.0,1.1012489267159253e-05,0.00022024978534318507,0.0001,128.43585205078125,0.012843584641814232,0.0001,335.0191650390625,0.033501915633678436,1000.0,2.1919603909736907e-07,0.00021919603750575334,1000.0,2.912680065492168e-05,0.02912680059671402,1.59,0.003422072622925043,0.005441095679998398,1000.0,0.004718407988548279,4.718408107757568,167.41,2.436122485960368e-05,0.004078312776982784,463.4632263183594,4.803839206695557
26,20.0,1.2402700122038368e-05,0.0002480540133547038,0.0001,121.88475036621094,0.012188474647700787,0.0001,331.8642578125,0.033186424523591995,1000.0,4.128056843910599e-06,0.0041280570439994335,1000.0,3.0564930057153106e-05,0.03056493028998375,1.59,0.0035549013409763575,0.005652293097227812,1000.0,0.0045605674386024475,4.560567378997803,167.41,2.0230367226758972e-05,0.0033867659512907267,453.7571716308594,4.6499223709106445
27,20.0,1.3710507118958049e-05,0.0002742101496551186,0.0001,119.5052719116211,0.01195052731782198,0.0001,327.34771728515625,0.03273477032780647,1000.0,1.9374019757378846e-06,0.0019374019466340542,1000.0,2.7553332984098233e-05,0.027553332969546318,1.59,0.003405514173209667,0.0054147676564753056,1000.0,0.0044253068044781685,4.425306797027588,167.41,1.5202203940134495e-05,0.002545000985264778,446.8608703613281,4.507716655731201
28,20.0,1.5032661394798197e-05,0.0003006532206200063,0.0001,116.62600708007812,0.011662600561976433,0.0001,332.27392578125,0.03322739154100418,1000.0,8.59924625729036e-07,0.000859924650285393,1000.0,2.6127512683160603e-05,0.026127513498067856,1.59,0.0030751661397516727,0.004889514297246933,1000.0,0.004265935625880957,4.26593542098999,167.41,1.6320069335051812e-05,0.0027321428060531616,448.9073791503906,4.3457350730896
29,20.0,1.6732787116779946e-05,0.00033465574961155653,0.0001,118.50926971435547,0.011850927025079727,0.0001,330.03515625,0.033003516495227814,1000.0,5.455380005514598e-07,0.0005455379723571241,1000.0,3.064292104681954e-05,0.0306429211050272,1.59,0.00297019281424582,0.004722606856375933,1000.0,0.004116455093026161,4.116455078125,167.41,2.771913568722084e-05,0.004640460480004549,448.55157470703125,4.202195644378662
30,20.0,1.9035984223592095e-05,0.0003807196917477995,0.0001,119.9571533203125,0.011995715089142323,0.0001,331.4800109863281,0.03314800187945366,1000.0,1.1719448167468727e-07,0.00011719448229996487,1000.0,2.720795600907877e-05,0.027207955718040466,1.59,0.0031586673576384783,0.005022281315177679,1000.0,0.003890441730618477,3.890441656112671,167.41,2.6744359274744056e-05,0.00447727320715785,451.4443054199219,3.9727907180786133
31,20.0,2.1956697310088202e-05,0.0004391339607536793,0.0001,121.49667358398438,0.012149667367339134,0.0001,329.8003845214844,0.03298003599047661,1000.0,1.0932616589798272e-07,0.00010932616714853793,1000.0,3.14882054226473e-05,0.03148820623755455,1.59,0.00306320795789361,0.004870500881224871,1000.0,0.0036546452902257442,3.6546452045440674,167.41,3.2413525332231075e-05,0.005426348187029362,451.3038635253906,3.7421085834503174
32,20.0,2.5560608264640905e-05,0.0005112121580168605,0.0001,121.7734603881836,0.012177345342934132,0.0001,335.05694580078125,0.03350569307804108,1000.0,2.6199877538601868e-06,0.0026199878193438053,1000.0,2.6470705051906407e-05,0.02647070586681366,1.59,0.0030088243074715137,0.004784030839800835,1000.0,0.003456133883446455,3.4561338424682617,167.41,3.891641608788632e-05,0.006514997221529484,456.83697509765625,3.542717933654785
33,20.0,2.9641430955962278e-05,0.0005928286118432879,0.0001,123.90210723876953,0.012390210293233395,0.0001,342.1850891113281,0.03421850875020027,1000.0,3.2436344099551206e-06,0.0032436344772577286,1000.0,3.0266062822192907e-05,0.030266063287854195,1.59,0.0031678900122642517,0.005036945454776287,1000.0,0.0033184755593538284,3.3184754848480225,167.41,5.330892599886283e-05,0.008924447931349277,466.09381103515625,3.4131481647491455
34,20.0,3.4829903597710654e-05,0.0006965980865061283,0.0001,126.21546936035156,0.012621546164155006,0.0001,339.00030517578125,0.033900029957294464,1000.0,5.34487128334149e-07,0.0005344871315173805,1000.0,3.2893109164433554e-05,0.0328931100666523,1.59,0.0028812107630074024,0.004581124987453222,1000.0,0.003150610253214836,3.1506102085113525,167.41,7.489855488529429e-05,0.012538767419755459,465.221923828125,3.248375654220581
35,20.0,4.124696715734899e-05,0.0008249393431469798,0.0001,130.4479522705078,0.013044795021414757,0.0001,342.60638427734375,0.03426063805818558,1000.0,8.802226147963665e-07,0.0008802225929684937,1000.0,3.055653360206634e-05,0.030556533485651016,1.59,0.0029189842753112316,0.0046411850489676,1000.0,0.002956273267045617,2.956273317337036,167.41,5.82093998673372e-05,0.009744836017489433,473.06036376953125,3.0502264499664307
36,20.0,4.8814650654094294e-05,0.0009762929985299706,0.0001,136.68092346191406,0.013668091967701912,0.0001,340.81610107421875,0.034081608057022095,1000.0,2.3001729232419166e-07,0.000230017292778939,1000.0,3.482005195110105e-05,0.03482005372643471,1.59,0.002820294816046953,0.004484268836677074,1000.0,0.002764787059277296,2.764786958694458,167.41,5.5722473916830495e-05,0.009328499436378479,477.50274658203125,2.8623759746551514
37,20.0,5.7155393733410165e-05,0.0011431078892201185,0.0001,140.9871826171875,0.014098717831075191,0.0001,335.34326171875,0.033534325659275055,1000.0,4.030871139093506e-07,0.0004030871205031872,1000.0,3.7334004446165636e-05,0.037334006279706955,1.59,0.0027079160790890455,0.004305586684495211,1000.0,0.002626779954880476,2.6267800331115723,167.41,5.4997777624521405e-05,0.00920717790722847,476.3359375,2.726806163787842
38,20.0,6.485312042059377e-05,0.001297062379308045,0.0001,144.70909118652344,0.014470908790826797,0.0001,338.3512268066406,0.033835120499134064,1000.0,1.7289052038904629e-06,0.0017289052484557033,1000.0,4.8856691137189046e-05,0.048856690526008606,1.59,0.0028265658766031265,0.004494240041822195,1000.0,0.002494613640010357,2.4946136474609375,167.41,5.199728184379637e-05,0.008704865351319313,483.0658264160156,2.608001470565796
39,20.0,7.168059528339654e-05,0.00143361184746027,0.0001,147.38900756835938,0.0147389005869627,0.0001,338.6235656738281,0.03386235609650612,1000.0,1.6937367490754696e-06,0.0016937367618083954,1000.0,4.5918273826828226e-05,0.04591827467083931,1.59,0.0026958745438605547,0.004286440555006266,1000.0,0.0023989281617105007,2.398928165435791,167.41,4.2306674004066736e-05,0.0070825605653226376,486.017822265625,2.507943868637085
40,20.0,7.86539021646604e-05,0.0015730781015008688,0.0001,149.33895874023438,0.014933895319700241,0.0001,346.8712158203125,0.03468712046742439,1000.0,3.363150426594075e-06,0.003363150404766202,1000.0,6.0692414990626276e-05,0.06069241464138031,1.59,0.0032054318580776453,0.005096636712551117,1000.0,0.002344329608604312,2.344329595565796,167.41,3.760261824936606e-05,0.0062950546853244305,496.2159118652344,2.470970869064331
41,20.0,8.692288247402757e-05,0.0017384577076882124,0.0001,151.08221435546875,0.015108221210539341,0.0001,340.8839416503906,0.034088391810655594,1000.0,9.29998009269184e-07,0.0009299980010837317,1000.0,6.333626515697688e-05,0.06333626806735992,1.59,0.0038228738121688366,0.006078369449824095,1000.0,0.002308817347511649,2.3088173866271973,167.41,5.3121049859328195e-05,0.008892995305359364,491.9725036621094,2.4389901161193848
42,20.0,9.530152601655573e-05,0.0019060305785387754,0.0001,150.21441650390625,0.015021441504359245,0.0001,334.7152404785156,0.033471524715423584,1000.0,2.0221052636770764e-06,0.0020221052691340446,1000.0,7.239742990350351e-05,0.07239743322134018,1.59,0.003106119576841593,0.004938730038702488,1000.0,0.002326041227206588,2.3260412216186523,167.41,4.20408250647597e-05,0.007038054522126913,484.9352722167969,2.462836503982544
43,20.0,0.00010003046918427572,0.002000609412789345,0.0001,151.25462341308594,0.015125461854040623,0.0001,340.0762939453125,0.03400762751698494,1000.0,1.2032669474137947e-06,0.001203266903758049,1000.0,8.519122638972476e-05,0.08519122749567032,1.59,0.0028780694119632244,0.0045761303044855595,1000.0,0.0023531506303697824,2.3531506061553955,167.41,3.9319984352914616e-05,0.006582558620721102,491.33636474609375,2.5018374919891357
44,20.0,9.786604641703889e-05,0.0019573208410292864,0.0001,152.494873046875,0.01524948701262474,0.0001,325.942138671875,0.032594211399555206,1000.0,2.3548318495159037e-06,0.002354831900447607,1000.0,9.142557973973453e-05,0.0914255827665329,1.59,0.0030786725692451,0.0048950896598398685,1000.0,0.002437629969790578,2.4376299381256104,167.41,3.384040610399097e-05,0.0056652226485311985,478.4427490234375,2.5917718410491943
45,20.0,9.328274609288201e-05,0.0018656549509614706,0.0001,149.9998779296875,0.014999987557530403,0.0001,326.48779296875,0.032648779451847076,1000.0,8.533635991625488e-06,0.00853363610804081,1000.0,0.00010047046816907823,0.10047046840190887,1.59,0.0031200237572193146,0.00496083777397871,1000.0,0.002566457260400057,2.5664572715759277,167.41,4.862929927185178e-05,0.008141031488776207,476.49359130859375,2.7380776405334473
46,20.0,9.361640695715323e-05,0.0018723281100392342,0.0001,148.32252502441406,0.014832251705229282,0.0001,323.35235595703125,0.03233523294329643,1000.0,6.226417781363125e-07,0.0006226417608559132,1000.0,0.00010400773317087442,0.10400773584842682,1.59,0.0033537172712385654,0.005332410801202059,1000.0,0.002663765801116824,2.6637659072875977,167.41,5.5761913245078176e-05,0.009335102513432503,471.68115234375,2.8321034908294678
47,20.0,9.635474270908162e-05,0.0019270948832854629,0.0001,141.2599639892578,0.014125996269285679,0.0001,314.1435546875,0.03141435608267784,1000.0,1.69767417901312e-06,0.001697674160823226,1000.0,0.00011110689956694841,0.11110690236091614,1.59,0.003205670975148678,0.005097017157822847,1000.0,0.002793292747810483,2.793292760848999,167.41,6.935589772183448e-05,0.01161087118089199,455.4098205566406,2.9702727794647217
48,20.0,9.977971785701811e-05,0.0019955942407250404,0.0001,137.86065673828125,0.013786065392196178,0.0001,313.89276123046875,0.0313892737030983,1000.0,9.11730694497237e-07,0.0009117306908592582,1000.0,0.00011016746429959312,0.11016746610403061,1.59,0.0029598067048937082,0.004706092644482851,1000.0,0.002865755232051015,2.865755319595337,167.41,6.103805935708806e-05,0.010218381881713867,451.7595520019531,3.0389299392700195
49,20.0,0.0001037292240653187,0.0020745843648910522,0.0001,136.8260498046875,0.013682604767382145,0.0001,314.2888488769531,0.03142888471484184,1000.0,1.1474872735561803e-05,0.011474872939288616,1000.0,0.00011105843441328034,0.11105843633413315,1.59,0.003242563921958208,0.005155676975846291,1000.0,0.0029165511950850487,2.916551113128662,167.41,4.1172959754476324e-05,0.006892765406519175,451.1213073730469,3.0983188152313232
50,20.0,0.00010826413927134126,0.002165282843634486,0.0001,135.508544921875,0.013550854288041592,0.0001,306.9710388183594,0.030697103589773178,1000.0,1.5363795682787895e-05,0.015363795682787895,1000.0,0.00010904860391747206,0.10904860496520996,1.59,0.0034469785168766975,0.005480695981532335,1000.0,0.0029521645046770573,2.9521644115448,167.41,3.726120121427812e-05,0.006237898021936417,442.48626708984375,3.1347086429595947
51,20.0,0.0001140031818067655,0.002280063694342971,0.0001,135.66200256347656,0.013566199690103531,0.0001,306.64031982421875,0.030664030462503433,1000.0,3.6512224141915794e-06,0.0036512224469333887,1000.0,0.00010250120249111205,0.10250120609998703,1.59,0.00325920176692307,0.005182130727916956,1000.0,0.0029472194146364927,2.9472193717956543,167.41,4.341686508269049e-05,0.007268417626619339,442.30877685546875,3.112332582473755
52,20.0,0.00012183794751763344,0.0024367589503526688,0.0001,134.65147399902344,0.013465147465467453,0.0001,300.36346435546875,0.03003634512424469,1000.0,3.866261522489367e-06,0.0038662615697830915,1000.0,0.00010876076703425497,0.108760766685009,1.59,0.00376741006039083,0.005990182049572468,1000.0,0.002929321024566889,2.929321050643921,167.41,4.3842093873536214e-05,0.007339605130255222,435.02191162109375,3.1012163162231445
53,20.0,0.00013126301928423345,0.002625260502099991,0.0001,130.7395477294922,0.013073954731225967,0.0001,302.17291259765625,0.030217289924621582,1000.0,4.186482328805141e-06,0.004186482168734074,1000.0,9.801704436540604e-05,0.09801704436540604,1.59,0.0031627456191927195,0.005028765648603439,1000.0,0.002996689872816205,2.996689796447754,167.41,5.1324757805559784e-05,0.008592277765274048,432.9189147949219,3.158431053161621
54,20.0,0.00013988609134685248,0.0027977218851447105,0.0001,129.6969757080078,0.012969696894288063,0.0001,300.6744384765625,0.03006744384765625,1000.0,1.51797376020113e-05,0.015179737471044064,1000.0,0.00010793731780722737,0.10793732106685638,1.59,0.002914041979238391,0.004633327014744282,1000.0,0.003001866163685918,3.001866102218628,167.41,8.675152639625594e-05,0.014523073099553585,430.3776550292969,3.189974308013916
55,20.0,0.00014494650531560183,0.0028989301063120365,0.0001,129.43743896484375,0.012943743728101254,0.0001,296.9039611816406,0.029690396040678024,1000.0,3.3779238037823234e-06,0.0033779237419366837,1000.0,0.00010481063509359956,0.10481063276529312,1.59,0.003441129345446825,0.005471395794302225,1000.0,0.002970913192257285,2.9709131717681885,167.41,9.550302638672292e-05,0.01598816178739071,426.34814453125,3.14609432220459
56,20.0,0.00014725014625582844,0.002945002866908908,0.0001,129.041748046875,0.012904174625873566,0.0001,291.16845703125,0.02911684475839138,1000.0,1.5073204622240155e-06,0.0015073204413056374,1000.0,0.00010860917245736346,0.1086091697216034,1.59,0.0033032589126378298,0.005252181552350521,1000.0,0.0029638255946338177,2.9638257026672363,167.41,8.996771066449583e-05,0.015061494894325733,420.2168273925781,3.139221668243408
57,20.0,0.00014831512817181647,0.0029663024470210075,0.0001,130.27574157714844,0.013027573935687542,0.0001,287.08892822265625,0.028708891943097115,1000.0,6.005024260957725e-06,0.006005024071782827,1000.0,0.00010403652413515374,0.10403652489185333,1.59,0.0034251660108566284,0.005446013994514942,1000.0,0.0029650344513356686,2.9650344848632812,167.41,0.00010580885282251984,0.017713461071252823,417.3713684082031,3.1429383754730225
58,20.0,0.00014781758363824338,0.0029563517309725285,0.0001,126.17972564697266,0.012617972679436207,0.0001,287.8772888183594,0.028787728399038315,1000.0,5.394398158387048e-06,0.005394398234784603,1000.0,9.474054240854457e-05,0.09474053978919983,1.59,0.0029235302936285734,0.004648413043469191,1000.0,0.0030067316256463528,3.0067315101623535,167.41,0.00012283022806514055,0.02056300826370716,414.0633239746094,3.1764400005340576
59,20.0,0.00014580502465832978,0.002916100434958935,0.0001,127.87708282470703,0.012787708081305027,0.0001,289.9184875488281,0.02899184823036194,1000.0,7.913771696621552e-06,0.007913772016763687,1000.0,9.94419606286101e-05,0.09944196045398712,1.59,0.004020533990114927,0.006392649374902248,1000.0,0.0029671972151845694,2.9671971797943115,167.41,0.00016910048725549132,0.028309112414717674,417.802978515625,3.1539502143859863
60,20.0,0.00014447631838265806,0.0028895263094455004,0.0001,133.636474609375,0.013363647274672985,0.0001,293.6292724609375,0.02936292625963688,1000.0,1.0431089094709023e-06,0.001043108874000609,1000.0,8.357839396921918e-05,0.08357839286327362,1.59,0.004222429357469082,0.006713662762194872,1000.0,0.0028877812437713146,2.8877811431884766,167.41,0.00012477733253035694,0.020888973027467728,427.273193359375,3.045621395111084
61,20.0,0.00014289656246546656,0.0028579311911016703,0.0001,138.03855895996094,0.013803855516016483,0.0001,297.2511901855469,0.02972511760890484,1000.0,2.6920774871541653e-06,0.0026920775417238474,1000.0,7.73080246290192e-05,0.07730802148580551,1.59,0.004097933880984783,0.006515714805573225,1000.0,0.0027743270620703697,2.774327039718628,167.41,9.727945871418342e-05,0.016285555437207222,435.29693603515625,2.9235153198242188
62,20.0,0.0001401477202307433,0.0028029545210301876,0.0001,142.0218505859375,0.014202184975147247,0.0001,305.26202392578125,0.03052620217204094,1000.0,6.432066129491432e-06,0.006432066205888987,1000.0,7.662818825338036e-05,0.0766281858086586,1.59,0.004043099470436573,0.006428528111428022,1000.0,0.0026341320481151342,2.634132146835327,167.41,7.553835166618228e-05,0.012645876035094261,447.2908020019531,2.7837982177734375
63,20.0,0.00013494701124727726,0.002698940224945545,0.0001,144.54798889160156,0.014454798772931099,0.0001,298.14910888671875,0.029814910143613815,1000.0,3.8096036405477207e-06,0.0038096036296337843,1000.0,6.574769940925762e-05,0.0657477006316185,1.59,0.004103016573935747,0.006523796357214451,1000.0,0.0025687743909657,2.568774461746216,167.41,4.9782771384343505e-05,0.00833413377404213,442.7040100097656,2.7001583576202393
64,20.0,0.00012882103328593075,0.0025764205493032932,0.0001,145.27423095703125,0.01452742237597704,0.0001,286.64569091796875,0.028664568439126015,1000.0,1.3385681086219847e-05,0.013385681435465813,1000.0,6.425712490454316e-05,0.06425712257623672,1.59,0.003932248335331678,0.006252274848520756,1000.0,0.002442459110170603,2.4424591064453125,167.41,8.577285916544497e-05,0.01435923483222723,431.92657470703125,2.586481809616089
65,20.0,0.0001243498845724389,0.002486997749656439,0.0001,151.2137451171875,0.015121374279260635,0.0001,285.171875,0.028517186641693115,1000.0,2.419851398371975e-06,0.0024198514875024557,1000.0,6.375532393576577e-05,0.0637553259730339,1.59,0.00397607684135437,0.006321962457150221,1000.0,0.002411075634881854,2.4110755920410156,167.41,8.379870268981904e-05,0.014028741046786308,436.39227294921875,2.543727159500122
66,20.0,0.00012091550161130726,0.0024183099158108234,0.0001,154.73983764648438,0.015473983250558376,0.0001,287.43182373046875,0.028743181377649307,1000.0,1.4158311500978016e-07,0.0001415831211488694,1000.0,5.958996553090401e-05,0.059589967131614685,1.59,0.004183921962976456,0.006652436219155788,1000.0,0.0024392628110945225,2.439262866973877,167.41,7.514495518989861e-05,0.012580017559230328,442.17852783203125,2.5648622512817383
67,20.0,0.00011777578765759245,0.0023555157240480185,0.0001,158.27398681640625,0.015827398747205734,0.0001,287.103515625,0.028710350394248962,1000.0,1.0740453717517084e-06,0.0010740453144535422,1000.0,5.128824705025181e-05,0.05128824710845947,1.59,0.004171422682702541,0.006632562261074781,1000.0,0.0025141816586256027,2.514181613922119,167.41,7.513257878599688e-05,0.012577945366501808,445.3844299316406,2.632647752761841
68,20.0,0.0001146837166743353,0.002293674275279045,0.0001,160.69137573242188,0.016069136559963226,0.0001,287.0729675292969,0.028707295656204224,1000.0,2.2216077013581526e-06,0.0022216076031327248,1000.0,4.3286716390866786e-05,0.04328671470284462,1.59,0.0043043335899710655,0.006843890529125929,1000.0,0.002605691784992814,2.60569167137146,167.41,9.528070222586393e-05,0.015950942412018776,447.771484375,2.721064805984497
69,20.0,0.00011319805344101042,0.0022639611270278692,0.0001,165.23789978027344,0.01652378961443901,0.0001,288.6297607421875,0.028862975537776947,1000.0,1.654227730796265e-06,0.0016542277298867702,1000.0,4.508705751504749e-05,0.0450870580971241,1.59,0.0042687212117016315,0.006787267047911882,1000.0,0.002711220644414425,2.7112207412719727,167.41,7.652482599951327e-05,0.012811020947992802,453.8748779296875,2.8252110481262207
70,20.0,0.00011204744805581868,0.0022409488447010517,0.0001,167.04505920410156,0.016704505309462547,0.0001,291.2652893066406,0.029126528650522232,1000.0,2.2195588371687336e-06,0.0022195589262992144,1000.0,3.799731712206267e-05,0.03799731656908989,1.59,0.003744926769286394,0.00595443369820714,1000.0,0.0029050703160464764,2.9050703048706055,167.41,6.931308598723263e-05,0.01160370372235775,458.31719970703125,3.0109171867370605
71,20.0,0.00011055103823309764,0.0022110207937657833,0.0001,170.9547576904297,0.017095474526286125,0.0001,299.987060546875,0.02999870479106903,1000.0,5.62700415684958e-06,0.005627003964036703,1000.0,3.0457227694569156e-05,0.030457228422164917,1.59,0.003769627772271633,0.005993708502501249,1000.0,0.0031545287929475307,3.154528856277466,167.41,7.241246203193441e-05,0.012122570537030697,470.9489440917969,3.2580347061157227
72,20.0,0.00010770748485811055,0.002154149580746889,0.0001,174.86460876464844,0.017486460506916046,0.0001,316.1116943359375,0.03161116689443588,1000.0,9.464645245316206e-07,0.0009464645409025252,1000.0,2.418379699520301e-05,0.02418379671871662,1.59,0.003733500838279724,0.005936266388744116,1000.0,0.00340628856793046,3.4062886238098145,167.41,6.531578401336446e-05,0.010934515856206417,490.983642578125,3.4995415210723877
73,20.0,0.00010592838225420564,0.002118567703291774,0.0001,173.8842315673828,0.017388422042131424,0.0001,314.32501220703125,0.03143250197172165,1000.0,6.84871065459447e-06,0.006848710589110851,1000.0,2.4170491087716073e-05,0.024170491844415665,1.59,0.003794098040089011,0.006032615900039673,1000.0,0.0037479109596461058,3.747910976409912,167.41,7.229165930766612e-05,0.012102346867322922,488.21697998046875,3.8480045795440674
74,20.0,0.00010505419049877673,0.0021010837517678738,0.0001,168.85105895996094,0.01688510552048683,0.0001,312.02264404296875,0.03120226413011551,1000.0,2.353946001676377e-06,0.002353945979848504,1000.0,3.577062307158485e-05,0.03577062487602234,1.59,0.003402869449928403,0.005410562735050917,1000.0,0.004123102407902479,4.123102188110352,167.41,8.284951763926074e-05,0.01386983785778284,480.8814697265625,4.230695724487305
75,20.0,0.00010561510134721175,0.0021123019978404045,0.0001,162.3955841064453,0.016239557415246964,0.0001,325.0400695800781,0.03250400722026825,1000.0,1.7180087752421969e-06,0.0017180087743327022,1000.0,3.8711608794983476e-05,0.038711607456207275,1.59,0.003955590073019266,0.00628938851878047,1000.0,0.004521055147051811,4.521055221557617,167.41,0.00011378978524589911,0.019049547612667084,487.44439697265625,4.637679576873779
76,20.0,0.00010753922833828256,0.0021507844794541597,0.0001,156.17001342773438,0.015617000870406628,0.0001,338.4996337890625,0.033849962055683136,1000.0,4.406330390338553e-06,0.0044063301756978035,1000.0,5.662649709847756e-05,0.05662649869918823,1.59,0.003922855015844107,0.006237339694052935,1000.0,0.004743909928947687,4.74390983581543,167.41,0.0002604067849460989,0.04359469935297966,494.6787414550781,4.906392574310303
77,20.0,0.00011181885929545388,0.002236377215012908,0.0001,148.72280883789062,0.01487228088080883,0.0001,342.90472412109375,0.03429047018289566,1000.0,9.432321348867845e-06,0.009432321414351463,1000.0,3.4430358937243e-05,0.034430358558893204,1.59,0.004245057236403227,0.00674964115023613,1000.0,0.004773155320435762,4.773155212402344,167.41,0.00010606379510136321,0.017756139859557152,491.6367492675781,4.892922878265381
78,20.0,0.00011658125731628388,0.0023316252045333385,0.0001,143.24261474609375,0.014324260875582695,0.0001,342.71551513671875,0.03427154943346977,1000.0,7.93012986832764e-06,0.007930129766464233,1000.0,2.0118332031415775e-05,0.020118331536650658,1.59,0.004342389293015003,0.006904399022459984,1000.0,0.004699325654655695,4.6993255615234375,167.41,6.90451415721327e-05,0.01155884750187397,485.9673767089844,4.796764850616455
79,20.0,0.00012114134733565152,0.0024228268302977085,0.0001,144.20896911621094,0.014420896768569946,0.0001,337.61883544921875,0.0337618812918663,1000.0,2.0767263322341023e-06,0.002076726406812668,1000.0,1.0201271834375802e-05,0.010201271623373032,1.59,0.004507844336330891,0.007167472504079342,1000.0,0.0045616598799824715,4.561659812927246,167.41,7.244530570460483e-05,0.012128069065511227,481.8370666503906,4.643838882446289
80,20.0,0.00012609503755811602,0.0025219006929546595,0.0001,147.41598510742188,0.014741597697138786,0.0001,344.8529052734375,0.034485287964344025,1000.0,0.0,0.0,1000.0,2.9286650260473834e-06,0.002928665140643716,1.59,0.004018452018499374,0.006389338988810778,1000.0,0.004460849333554506,4.460849285125732,167.41,1.9393250113353133e-05,0.0032466240227222443,492.27752685546875,4.525162696838379
